entry_name,item_no,item_code,item_name,timing_group,support_type,requirement_symbol,requirement_meaning,data_type,xml_data_type,act_mood_code,observation_class_code,observation_mood_code,xml_unit,code_table_oid,note
指導共通情報,1101,1020000001,保健指導区分,first_claim,motivational,○,必須入力項目,コード,CD,EVN,OBS,EVN,,1.2.392.200119.6.1112,"1:積極的支援 2:動機付け支援 3:動機付け支援相当"
指導共通情報,1101,1020000001,保健指導区分,first_claim,active,○,必須入力項目,コード,CD,EVN,OBS,EVN,,1.2.392.200119.6.1112,"1:積極的支援 2:動機付け支援 3:動機付け支援相当"
指導共通情報,1101,1020000001,保健指導区分,first_claim,motivational_equivalent,○,必須入力項目,コード,CD,EVN,OBS,EVN,,1.2.392.200119.6.1112,"1:積極的支援 2:動機付け支援 3:動機付け支援相当"
指導共通情報,1101,1020000001,保健指導区分,legal_report,motivational,○,必須入力項目,コード,CD,EVN,OBS,EVN,,1.2.392.200119.6.1112,"1:積極的支援 2:動機付け支援 3:動機付け支援相当"
指導共通情報,1101,1020000001,保健指導区分,legal_report,active,○,必須入力項目,コード,CD,EVN,OBS,EVN,,1.2.392.200119.6.1112,"1:積極的支援 2:動機付け支援 3:動機付け支援相当"
指導共通情報,1101,1020000001,保健指導区分,legal_report,motivational_equivalent,○,必須入力項目,コード,CD,EVN,OBS,EVN,,1.2.392.200119.6.1112,"1:積極的支援 2:動機付け支援 3:動機付け支援相当"
指導共通情報,1102,1020000002,行動変容ステージ,first_claim,motivational,△,情報を入手した場合に入力,コード,CD,EVN,OBS,EVN,,1.2.392.200119.6.3002,"1:意志なし 2:意志あり(6ヶ月以内) 3:意志あり(近いうち) 4:取組済み(6ヶ月未満) 5:取組済み(6ヶ月以上)"
指導共通情報,1102,1020000002,行動変容ステージ,first_claim,active,△,情報を入手した場合に入力,コード,CD,EVN,OBS,EVN,,1.2.392.200119.6.3002,"1:意志なし 2:意志あり(6ヶ月以内) 3:意志あり(近いうち) 4:取組済み(6ヶ月未満) 5:取組済み(6ヶ月以上)"
指導共通情報,1102,1020000002,行動変容ステージ,first_claim,motivational_equivalent,△,情報を入手した場合に入力,コード,CD,EVN,OBS,EVN,,1.2.392.200119.6.3002,"1:意志なし 2:意志あり(6ヶ月以内) 3:意志あり(近いうち) 4:取組済み(6ヶ月未満) 5:取組済み(6ヶ月以上)"
指導共通情報,1102,1020000002,行動変容ステージ,legal_report,motivational,△,情報を入手した場合に入力,コード,CD,EVN,OBS,EVN,,1.2.392.200119.6.3002,"1:意志なし 2:意志あり(6ヶ月以内) 3:意志あり(近いうち) 4:取組済み(6ヶ月未満) 5:取組済み(6ヶ月以上)"
指導共通情報,1102,1020000002,行動変容ステージ,legal_report,active,△,情報を入手した場合に入力,コード,CD,EVN,OBS,EVN,,1.2.392.200119.6.3002,"1:意志なし 2:意志あり(6ヶ月以内) 3:意志あり(近いうち) 4:取組済み(6ヶ月未満) 5:取組済み(6ヶ月以上)"
指導共通情報,1102,1020000002,行動変容ステージ,legal_report,motivational_equivalent,△,情報を入手した場合に入力,コード,CD,EVN,OBS,EVN,,1.2.392.200119.6.3002,"1:意志なし 2:意志あり(6ヶ月以内) 3:意志あり(近いうち) 4:取組済み(6ヶ月未満) 5:取組済み(6ヶ月以上)"
指導共通情報,1103,1020000003,保健指導コース名,first_claim,motivational,☆,少なくとも保険者が委託により実施した場合は必須入力項目,漢字,ST,EVN,OBS,EVN,,,漢字32文字以内・64バイト以内
指導共通情報,1103,1020000003,保健指導コース名,first_claim,active,☆,少なくとも保険者が委託により実施した場合は必須入力項目,漢字,ST,EVN,OBS,EVN,,,漢字32文字以内・64バイト以内
指導共通情報,1103,1020000003,保健指導コース名,first_claim,motivational_equivalent,☆,少なくとも保険者が委託により実施した場合は必須入力項目,漢字,ST,EVN,OBS,EVN,,,漢字32文字以内・64バイト以内
指導共通情報,1104,1020000004,健診実施年月日(確認用),first_claim,motivational,☆,1回目の請求時に初回面談を1週間以内に行った場合は必須,年月日,ST,EVN,OBS,EVN,,,特定保健指導に対応する健診実施年月日と同一である必要がある
指導共通情報,1104,1020000004,健診実施年月日(確認用),first_claim,active,☆,1回目の請求時に初回面談を1週間以内に行った場合は必須,年月日,ST,EVN,OBS,EVN,,,特定保健指導に対応する健診実施年月日と同一である必要がある
指導共通情報,1104,1020000004,健診実施年月日(確認用),first_claim,motivational_equivalent,☆,1回目の請求時に初回面談を1週間以内に行った場合は必須,年月日,ST,EVN,OBS,EVN,,,特定保健指導に対応する健診実施年月日と同一である必要がある
指導共通情報,1104,1020000004,健診実施年月日(確認用),legal_report,motivational,○,必須入力項目,年月日,ST,EVN,OBS,EVN,,,特定保健指導に対応する健診実施年月日と同一である必要がある
指導共通情報,1104,1020000004,健診実施年月日(確認用),legal_report,active,○,必須入力項目,年月日,ST,EVN,OBS,EVN,,,特定保健指導に対応する健診実施年月日と同一である必要がある
指導共通情報,1104,1020000004,健診実施年月日(確認用),legal_report,motivational_equivalent,○,必須入力項目,年月日,ST,EVN,OBS,EVN,,,特定保健指導に対応する健診実施年月日と同一である必要がある
指導共通情報,1105,1020000005,保健指導後 服薬1（血圧）,legal_report,motivational,△,情報を入手した場合に入力,コード,CD,EVN,OBS,EVN,,1.2.392.200119.6.24030,"1:保健指導以後に服薬開始を確認。対象から除外する場合に記載し、服薬中であっても保健指導を継続した場合は記載しない"
指導共通情報,1105,1020000005,保健指導後 服薬1（血圧）,legal_report,active,△,情報を入手した場合に入力,コード,CD,EVN,OBS,EVN,,1.2.392.200119.6.24030,"1:保健指導以後に服薬開始を確認。対象から除外する場合に記載し、服薬中であっても保健指導を継続した場合は記載しない"
指導共通情報,1105,1020000005,保健指導後 服薬1（血圧）,legal_report,motivational_equivalent,△,情報を入手した場合に入力,コード,CD,EVN,OBS,EVN,,1.2.392.200119.6.24030,"1:保健指導以後に服薬開始を確認。対象から除外する場合に記載し、服薬中であっても保健指導を継続した場合は記載しない"
指導共通情報,1106,1020000006,保健指導後 服薬2（血糖）,legal_report,motivational,△,情報を入手した場合に入力,コード,CD,EVN,OBS,EVN,,1.2.392.200119.6.24030,"1:保健指導以後に服薬開始を確認。対象から除外する場合に記載し、服薬中であっても保健指導を継続した場合は記載しない"
指導共通情報,1106,1020000006,保健指導後 服薬2（血糖）,legal_report,active,△,情報を入手した場合に入力,コード,CD,EVN,OBS,EVN,,1.2.392.200119.6.24030,"1:保健指導以後に服薬開始を確認。対象から除外する場合に記載し、服薬中であっても保健指導を継続した場合は記載しない"
指導共通情報,1106,1020000006,保健指導後 服薬2（血糖）,legal_report,motivational_equivalent,△,情報を入手した場合に入力,コード,CD,EVN,OBS,EVN,,1.2.392.200119.6.24030,"1:保健指導以後に服薬開始を確認。対象から除外する場合に記載し、服薬中であっても保健指導を継続した場合は記載しない"
指導共通情報,1107,1020000007,保健指導後 服薬3（脂質）,legal_report,motivational,△,情報を入手した場合に入力,コード,CD,EVN,OBS,EVN,,1.2.392.200119.6.24030,"1:保健指導以後に服薬開始を確認。対象から除外する場合に記載し、服薬中であっても保健指導を継続した場合は記載しない"
指導共通情報,1107,1020000007,保健指導後 服薬3（脂質）,legal_report,active,△,情報を入手した場合に入力,コード,CD,EVN,OBS,EVN,,1.2.392.200119.6.24030,"1:保健指導以後に服薬開始を確認。対象から除外する場合に記載し、服薬中であっても保健指導を継続した場合は記載しない"
指導共通情報,1107,1020000007,保健指導後 服薬3（脂質）,legal_report,motivational_equivalent,△,情報を入手した場合に入力,コード,CD,EVN,OBS,EVN,,1.2.392.200119.6.24030,"1:保健指導以後に服薬開始を確認。対象から除外する場合に記載し、服薬中であっても保健指導を継続した場合は記載しない"
初回面接実施情報,1301,1022000011,初回面接の実施日付,first_claim,motivational,○,必須入力項目,年月日,,EVN,,,,,YYYYMMDD
初回面接実施情報,1301,1022000011,初回面接の実施日付,first_claim,active,○,必須入力項目,年月日,,EVN,,,,,YYYYMMDD
初回面接実施情報,1301,1022000011,初回面接の実施日付,first_claim,motivational_equivalent,○,必須入力項目,年月日,,EVN,,,,,YYYYMMDD
初回面接実施情報,1301,1022000011,初回面接の実施日付,legal_report,motivational,○,必須入力項目,年月日,,EVN,,,,,YYYYMMDD
初回面接実施情報,1301,1022000011,初回面接の実施日付,legal_report,active,○,必須入力項目,年月日,,EVN,,,,,YYYYMMDD
初回面接実施情報,1301,1022000011,初回面接の実施日付,legal_report,motivational_equivalent,○,必須入力項目,年月日,,EVN,,,,,YYYYMMDD
初回面接実施情報,1302,1022000012,初回面接による支援の支援形態,first_claim,motivational,○,必須入力項目,コード,,EVN,,,,1.2.392.200119.6.24010,"1:個別支援（対面） 2:個別支援（遠隔） 3:グループ支援（対面） 4:グループ支援（遠隔） 5:電話 6:電子メール等 ※5と6は初回面接を分割して実施した場合の2回目（初回面接②）のみ入力可能"
初回面接実施情報,1302,1022000012,初回面接による支援の支援形態,first_claim,active,○,必須入力項目,コード,,EVN,,,,1.2.392.200119.6.24010,"1:個別支援（対面） 2:個別支援（遠隔） 3:グループ支援（対面） 4:グループ支援（遠隔） 5:電話 6:電子メール等 ※5と6は初回面接を分割して実施した場合の2回目（初回面接②）のみ入力可能"
初回面接実施情報,1302,1022000012,初回面接による支援の支援形態,first_claim,motivational_equivalent,○,必須入力項目,コード,,EVN,,,,1.2.392.200119.6.24010,"1:個別支援（対面） 2:個別支援（遠隔） 3:グループ支援（対面） 4:グループ支援（遠隔） 5:電話 6:電子メール等 ※5と6は初回面接を分割して実施した場合の2回目（初回面接②）のみ入力可能"
初回面接実施情報,1302,1022000012,初回面接による支援の支援形態,legal_report,motivational,○,必須入力項目,コード,,EVN,,,,1.2.392.200119.6.24010,"1:個別支援（対面） 2:個別支援（遠隔） 3:グループ支援（対面） 4:グループ支援（遠隔） 5:電話 6:電子メール等 ※5と6は初回面接を分割して実施した場合の2回目（初回面接②）のみ入力可能"
初回面接実施情報,1302,1022000012,初回面接による支援の支援形態,legal_report,active,○,必須入力項目,コード,,EVN,,,,1.2.392.200119.6.24010,"1:個別支援（対面） 2:個別支援（遠隔） 3:グループ支援（対面） 4:グループ支援（遠隔） 5:電話 6:電子メール等 ※5と6は初回面接を分割して実施した場合の2回目（初回面接②）のみ入力可能"
初回面接実施情報,1302,1022000012,初回面接による支援の支援形態,legal_report,motivational_equivalent,○,必須入力項目,コード,,EVN,,,,1.2.392.200119.6.24010,"1:個別支援（対面） 2:個別支援（遠隔） 3:グループ支援（対面） 4:グループ支援（遠隔） 5:電話 6:電子メール等 ※5と6は初回面接を分割して実施した場合の2回目（初回面接②）のみ入力可能"
初回面接実施情報,1303,1022000016,健診後早期の初回面接,first_claim,motivational,○,必須入力項目,コード,,EVN,,,,1.2.392.200119.6.24070,"0:実施なし 1:当日 2:1週間以内（当日は除く）"
初回面接実施情報,1303,1022000016,健診後早期の初回面接,first_claim,active,○,必須入力項目,コード,,EVN,,,,1.2.392.200119.6.24070,"0:実施なし 1:当日 2:1週間以内（当日は除く）"
初回面接実施情報,1303,1022000016,健診後早期の初回面接,first_claim,motivational_equivalent,○,必須入力項目,コード,,EVN,,,,1.2.392.200119.6.24070,"0:実施なし 1:当日 2:1週間以内（当日は除く）"
初回面接実施情報,1303,1022000016,健診後早期の初回面接,second_claim,motivational,△,情報を入手した場合に入力,コード,,EVN,,,,1.2.392.200119.6.24070,"0:実施なし 1:当日 2:1週間以内（当日は除く）"
初回面接実施情報,1303,1022000016,健診後早期の初回面接,second_claim,active,△,情報を入手した場合に入力,コード,,EVN,,,,1.2.392.200119.6.24070,"0:実施なし 1:当日 2:1週間以内（当日は除く）"
初回面接実施情報,1303,1022000016,健診後早期の初回面接,second_claim,motivational_equivalent,△,情報を入手した場合に入力,コード,,EVN,,,,1.2.392.200119.6.24070,"0:実施なし 1:当日 2:1週間以内（当日は除く）"
初回面接実施情報,1303,1022000016,健診後早期の初回面接,legal_report,motivational,○,必須入力項目,コード,,EVN,,,,1.2.392.200119.6.24070,"0:実施なし 1:当日 2:1週間以内（当日は除く）"
初回面接実施情報,1303,1022000016,健診後早期の初回面接,legal_report,active,○,必須入力項目,コード,,EVN,,,,1.2.392.200119.6.24070,"0:実施なし 1:当日 2:1週間以内（当日は除く）"
初回面接実施情報,1303,1022000016,健診後早期の初回面接,legal_report,motivational_equivalent,○,必須入力項目,コード,,EVN,,,,1.2.392.200119.6.24070,"0:実施なし 1:当日 2:1週間以内（当日は除く）"
初回面接実施情報,1304,1022000013,初回面接の実施時間,first_claim,motivational,○,必須入力項目,数字,,EVN,OBS,EVN,min,,
初回面接実施情報,1304,1022000013,初回面接の実施時間,first_claim,active,○,必須入力項目,数字,,EVN,OBS,EVN,min,,
初回面接実施情報,1304,1022000013,初回面接の実施時間,first_claim,motivational_equivalent,○,必須入力項目,数字,,EVN,OBS,EVN,min,,
初回面接実施情報,1304,1022000013,初回面接の実施時間,legal_report,motivational,○,必須入力項目,数字,,EVN,OBS,EVN,min,,
初回面接実施情報,1304,1022000013,初回面接の実施時間,legal_report,active,○,必須入力項目,数字,,EVN,OBS,EVN,min,,
初回面接実施情報,1304,1022000013,初回面接の実施時間,legal_report,motivational_equivalent,○,必須入力項目,数字,,EVN,OBS,EVN,min,,
初回面接実施情報,1305,1022000015,初回面接の実施者,first_claim,motivational,○,必須入力項目,コード,,EVN,,,,1.2.392.200119.6.3020,"1:医師 2:保健師 3:管理栄養士 4:その他"
初回面接実施情報,1305,1022000015,初回面接の実施者,first_claim,active,○,必須入力項目,コード,,EVN,,,,1.2.392.200119.6.3020,"1:医師 2:保健師 3:管理栄養士 4:その他"
初回面接実施情報,1305,1022000015,初回面接の実施者,first_claim,motivational_equivalent,○,必須入力項目,コード,,EVN,,,,1.2.392.200119.6.3020,"1:医師 2:保健師 3:管理栄養士 4:その他"
初回面接実施情報,1305,1022000015,初回面接の実施者,legal_report,motivational,○,必須入力項目,コード,,EVN,,,,1.2.392.200119.6.3020,"1:医師 2:保健師 3:管理栄養士 4:その他"
初回面接実施情報,1305,1022000015,初回面接の実施者,legal_report,active,○,必須入力項目,コード,,EVN,,,,1.2.392.200119.6.3020,"1:医師 2:保健師 3:管理栄養士 4:その他"
初回面接実施情報,1305,1022000015,初回面接の実施者,legal_report,motivational_equivalent,○,必須入力項目,コード,,EVN,,,,1.2.392.200119.6.3020,"1:医師 2:保健師 3:管理栄養士 4:その他"
初回面接実施情報,1306,1022000090,初回面接情報,first_claim,motivational,△,情報を入手した場合に入力,漢字,ST,EVN,OBS,EVN,,,文字数上限は256文字
初回面接実施情報,1306,1022000090,初回面接情報,first_claim,active,△,情報を入手した場合に入力,漢字,ST,EVN,OBS,EVN,,,文字数上限は256文字
初回面接実施情報,1306,1022000090,初回面接情報,first_claim,motivational_equivalent,△,情報を入手した場合に入力,漢字,ST,EVN,OBS,EVN,,,文字数上限は256文字
保健指導計画情報,1331,1021000020,継続的支援予定期間,first_claim,active,○,必須入力項目,数字,PQ,INT,OBS,INT,wk,,
保健指導計画情報,1331,1021000020,継続的支援予定期間,first_claim,motivational_equivalent,△,情報を入手した場合に入力,数字,PQ,INT,OBS,INT,wk,,
保健指導計画情報,1331,1021000020,継続的支援予定期間,legal_report,active,○,必須入力項目,数字,PQ,INT,OBS,INT,wk,,
保健指導計画情報,1331,1021000020,継続的支援予定期間,legal_report,motivational_equivalent,△,情報を入手した場合に入力,数字,PQ,INT,OBS,INT,wk,,
保健指導計画情報,1332,1021001031,目標腹囲,first_claim,motivational,☆,少なくとも保険者が委託により実施した場合は必須入力項目,数字,PQ,INT,OBS,GOL,cm,,
保健指導計画情報,1332,1021001031,目標腹囲,first_claim,active,☆,少なくとも保険者が委託により実施した場合は必須入力項目,数字,PQ,INT,OBS,GOL,cm,,
保健指導計画情報,1332,1021001031,目標腹囲,first_claim,motivational_equivalent,☆,少なくとも保険者が委託により実施した場合は必須入力項目,数字,PQ,INT,OBS,GOL,cm,,
保健指導計画情報,1333,1021001032,目標体重,first_claim,motivational,☆,少なくとも保険者が委託により実施した場合は必須入力項目,数字,PQ,INT,OBS,GOL,kg,,
保健指導計画情報,1333,1021001032,目標体重,first_claim,active,☆,少なくとも保険者が委託により実施した場合は必須入力項目,数字,PQ,INT,OBS,GOL,kg,,
保健指導計画情報,1333,1021001032,目標体重,first_claim,motivational_equivalent,☆,少なくとも保険者が委託により実施した場合は必須入力項目,数字,PQ,INT,OBS,GOL,kg,,
保健指導計画情報,1334,1021001033,目標収縮期血圧,first_claim,motivational,△,情報を入手した場合に入力,数字,PQ,INT,OBS,GOL,mm[Hg],,
保健指導計画情報,1334,1021001033,目標収縮期血圧,first_claim,active,△,情報を入手した場合に入力,数字,PQ,INT,OBS,GOL,mm[Hg],,
保健指導計画情報,1334,1021001033,目標収縮期血圧,first_claim,motivational_equivalent,△,情報を入手した場合に入力,数字,PQ,INT,OBS,GOL,mm[Hg],,
保健指導計画情報,1335,1021001034,目標拡張期血圧,first_claim,motivational,△,情報を入手した場合に入力,数字,PQ,INT,OBS,GOL,mm[Hg],,
保健指導計画情報,1335,1021001034,目標拡張期血圧,first_claim,active,△,情報を入手した場合に入力,数字,PQ,INT,OBS,GOL,mm[Hg],,
保健指導計画情報,1335,1021001034,目標拡張期血圧,first_claim,motivational_equivalent,△,情報を入手した場合に入力,数字,PQ,INT,OBS,GOL,mm[Hg],,
保健指導計画情報,1336,1021001050,一日の削減目標エネルギー量,first_claim,motivational,☆,少なくとも保険者が委託により実施した場合は必須入力項目,数字,PQ,INT,OBS,GOL,kcal,,
保健指導計画情報,1336,1021001050,一日の削減目標エネルギー量,first_claim,active,☆,少なくとも保険者が委託により実施した場合は必須入力項目,数字,PQ,INT,OBS,GOL,kcal,,
保健指導計画情報,1336,1021001050,一日の削減目標エネルギー量,first_claim,motivational_equivalent,☆,少なくとも保険者が委託により実施した場合は必須入力項目,数字,PQ,INT,OBS,GOL,kcal,,
保健指導計画情報,1337,1021001051,一日の運動による目標エネルギー量,first_claim,motivational,☆,少なくとも保険者が委託により実施した場合は必須入力項目,数字,PQ,INT,OBS,GOL,kcal,,
保健指導計画情報,1337,1021001051,一日の運動による目標エネルギー量,first_claim,active,☆,少なくとも保険者が委託により実施した場合は必須入力項目,数字,PQ,INT,OBS,GOL,kcal,,
保健指導計画情報,1337,1021001051,一日の運動による目標エネルギー量,first_claim,motivational_equivalent,☆,少なくとも保険者が委託により実施した場合は必須入力項目,数字,PQ,INT,OBS,GOL,kcal,,
保健指導計画情報,1338,1021001052,一日の食事による目標エネルギー量,first_claim,motivational,☆,少なくとも保険者が委託により実施した場合は必須入力項目,数字,PQ,INT,OBS,GOL,kcal,,
保健指導計画情報,1338,1021001052,一日の食事による目標エネルギー量,first_claim,active,☆,少なくとも保険者が委託により実施した場合は必須入力項目,数字,PQ,INT,OBS,GOL,kcal,,
保健指導計画情報,1338,1021001052,一日の食事による目標エネルギー量,first_claim,motivational_equivalent,☆,少なくとも保険者が委託により実施した場合は必須入力項目,数字,PQ,INT,OBS,GOL,kcal,,
保健指導計画情報,1339,1021001053,計画上の腹囲・体重の改善,first_claim,active,○,必須入力項目,コード,CD,INT,OBS,INT,,1.2.392.200119.6.24110,"0:計画なし 1:1cm・1kg 2:2cm・2kg"
保健指導計画情報,1339,1021001053,計画上の腹囲・体重の改善,first_claim,motivational_equivalent,△,情報を入手した場合に入力,コード,CD,INT,OBS,INT,,1.2.392.200119.6.24110,"0:計画なし 1:1cm・1kg 2:2cm・2kg"
保健指導計画情報,1339,1021001053,計画上の腹囲・体重の改善,legal_report,active,○,必須入力項目,コード,CD,INT,OBS,INT,,1.2.392.200119.6.24110,"0:計画なし 1:1cm・1kg 2:2cm・2kg"
保健指導計画情報,1339,1021001053,計画上の腹囲・体重の改善,legal_report,motivational_equivalent,△,情報を入手した場合に入力,コード,CD,INT,OBS,INT,,1.2.392.200119.6.24110,"0:計画なし 1:1cm・1kg 2:2cm・2kg"
保健指導計画情報,1340,1021001054,計画上の生活習慣の改善(食習慣),first_claim,active,○,必須入力項目,コード,CD,INT,OBS,INT,,1.2.392.200119.6.24120,"0:計画なし 1:計画あり"
保健指導計画情報,1340,1021001054,計画上の生活習慣の改善(食習慣),first_claim,motivational_equivalent,△,情報を入手した場合に入力,コード,CD,INT,OBS,INT,,1.2.392.200119.6.24120,"0:計画なし 1:計画あり"
保健指導計画情報,1340,1021001054,計画上の生活習慣の改善(食習慣),legal_report,active,○,必須入力項目,コード,CD,INT,OBS,INT,,1.2.392.200119.6.24120,"0:計画なし 1:計画あり"
保健指導計画情報,1340,1021001054,計画上の生活習慣の改善(食習慣),legal_report,motivational_equivalent,△,情報を入手した場合に入力,コード,CD,INT,OBS,INT,,1.2.392.200119.6.24120,"0:計画なし 1:計画あり"
保健指導計画情報,1341,1021001055,計画上の生活習慣の改善(運動習慣),first_claim,active,○,必須入力項目,コード,CD,INT,OBS,INT,,1.2.392.200119.6.24120,"0:計画なし 1:計画あり"
保健指導計画情報,1341,1021001055,計画上の生活習慣の改善(運動習慣),first_claim,motivational_equivalent,△,情報を入手した場合に入力,コード,CD,INT,OBS,INT,,1.2.392.200119.6.24120,"0:計画なし 1:計画あり"
保健指導計画情報,1341,1021001055,計画上の生活習慣の改善(運動習慣),legal_report,active,○,必須入力項目,コード,CD,INT,OBS,INT,,1.2.392.200119.6.24120,"0:計画なし 1:計画あり"
保健指導計画情報,1341,1021001055,計画上の生活習慣の改善(運動習慣),legal_report,motivational_equivalent,△,情報を入手した場合に入力,コード,CD,INT,OBS,INT,,1.2.392.200119.6.24120,"0:計画なし 1:計画あり"
保健指導計画情報,1342,1021001056,計画上の生活習慣の改善(喫煙習慣),first_claim,active,○,必須入力項目,コード,CD,INT,OBS,INT,,1.2.392.200119.6.24120,"0:計画なし 1:計画あり"
保健指導計画情報,1342,1021001056,計画上の生活習慣の改善(喫煙習慣),first_claim,motivational_equivalent,△,情報を入手した場合に入力,コード,CD,INT,OBS,INT,,1.2.392.200119.6.24120,"0:計画なし 1:計画あり"
保健指導計画情報,1342,1021001056,計画上の生活習慣の改善(喫煙習慣),legal_report,active,○,必須入力項目,コード,CD,INT,OBS,INT,,1.2.392.200119.6.24120,"0:計画なし 1:計画あり"
保健指導計画情報,1342,1021001056,計画上の生活習慣の改善(喫煙習慣),legal_report,motivational_equivalent,△,情報を入手した場合に入力,コード,CD,INT,OBS,INT,,1.2.392.200119.6.24120,"0:計画なし 1:計画あり"
保健指導計画情報,1343,1021001057,計画上の生活習慣の改善(休養習慣),first_claim,active,○,必須入力項目,コード,CD,INT,OBS,INT,,1.2.392.200119.6.24120,"0:計画なし 1:計画あり"
保健指導計画情報,1343,1021001057,計画上の生活習慣の改善(休養習慣),first_claim,motivational_equivalent,△,情報を入手した場合に入力,コード,CD,INT,OBS,INT,,1.2.392.200119.6.24120,"0:計画なし 1:計画あり"
保健指導計画情報,1343,1021001057,計画上の生活習慣の改善(休養習慣),legal_report,active,○,必須入力項目,コード,CD,INT,OBS,INT,,1.2.392.200119.6.24120,"0:計画なし 1:計画あり"
保健指導計画情報,1343,1021001057,計画上の生活習慣の改善(休養習慣),legal_report,motivational_equivalent,△,情報を入手した場合に入力,コード,CD,INT,OBS,INT,,1.2.392.200119.6.24120,"0:計画なし 1:計画あり"
保健指導計画情報,1344,1021001058,計画上の生活習慣の改善(その他の生活習慣),first_claim,active,○,必須入力項目,コード,CD,INT,OBS,INT,,1.2.392.200119.6.24120,"0:計画なし 1:計画あり"
保健指導計画情報,1344,1021001058,計画上の生活習慣の改善(その他の生活習慣),first_claim,motivational_equivalent,△,情報を入手した場合に入力,コード,CD,INT,OBS,INT,,1.2.392.200119.6.24120,"0:計画なし 1:計画あり"
保健指導計画情報,1344,1021001058,計画上の生活習慣の改善(その他の生活習慣),legal_report,active,○,必須入力項目,コード,CD,INT,OBS,INT,,1.2.392.200119.6.24120,"0:計画なし 1:計画あり"
保健指導計画情報,1344,1021001058,計画上の生活習慣の改善(その他の生活習慣),legal_report,motivational_equivalent,△,情報を入手した場合に入力,コード,CD,INT,OBS,INT,,1.2.392.200119.6.24120,"0:計画なし 1:計画あり"
保健指導計画情報,1345,1021001059,計画上のポイント(アウトカム評価の合計),first_claim,active,○,必須入力項目,数字,INT,INT,OBS,INT,,,"自動計算(1339+1340+1341+1342+1343+1344) 自動計算定義表を参照。"
保健指導計画情報,1345,1021001059,計画上のポイント(アウトカム評価の合計),first_claim,motivational_equivalent,△,情報を入手した場合に入力,数字,INT,INT,OBS,INT,,,"自動計算(1339+1340+1341+1342+1343+1344) 自動計算定義表を参照。"
保健指導計画情報,1345,1021001059,計画上のポイント(アウトカム評価の合計),legal_report,active,○,必須入力項目,数字,INT,INT,OBS,INT,,,"自動計算(1339+1340+1341+1342+1343+1344) 自動計算定義表を参照。"
保健指導計画情報,1345,1021001059,計画上のポイント(アウトカム評価の合計),legal_report,motivational_equivalent,△,情報を入手した場合に入力,数字,INT,INT,OBS,INT,,,"自動計算(1339+1340+1341+1342+1343+1344) 自動計算定義表を参照。"
継続支援情報,1411,1032300011,支援①の実施日付,second_claim,motivational,☆,少なくとも保険者が委託により実施した場合は必須入力項目,年月日,,EVN,,,,,YYYYMMDD
継続支援情報,1411,1032300011,支援①の実施日付,second_claim,active,△,情報を入手した場合に入力,年月日,,EVN,,,,,YYYYMMDD
継続支援情報,1412,1032300012,支援①の支援形態,second_claim,motivational,☆,少なくとも保険者が委託により実施した場合は必須入力項目,コード,,EVN,,,,1.2.392.200119.6.24010,"1:個別支援（対面） 2:個別支援（遠隔） 3:グループ支援（対面） 4:グループ支援（遠隔） 5:電話 6:電子メール等"
継続支援情報,1412,1032300012,支援①の支援形態,second_claim,active,△,情報を入手した場合に入力,コード,,EVN,,,,1.2.392.200119.6.24010,"1:個別支援（対面） 2:個別支援（遠隔） 3:グループ支援（対面） 4:グループ支援（遠隔） 5:電話 6:電子メール等"
継続支援情報,1413,1032300013,支援①の実施時間,second_claim,motivational,☆,少なくとも保険者が委託により実施した場合は必須入力項目,数字,,EVN,OBS,EVN,min,,
継続支援情報,1413,1032300013,支援①の実施時間,second_claim,active,△,情報を入手した場合に入力,数字,,EVN,OBS,EVN,min,,
継続支援情報,1414,1032300014,支援①の実施ポイント,second_claim,motivational,☆,少なくとも保険者が委託により実施した場合は必須入力項目,数字,INT,EVN,OBS,EVN,,,自動計算
継続支援情報,1414,1032300014,支援①の実施ポイント,second_claim,active,△,情報を入手した場合に入力,数字,INT,EVN,OBS,EVN,,,自動計算
継続支援情報,1415,1032300015,支援①の実施者,second_claim,motivational,☆,少なくとも保険者が委託により実施した場合は必須入力項目,コード,,EVN,,,,1.2.392.200119.6.3020,"1:医師 2:保健師 3:管理栄養士 4:その他"
継続支援情報,1415,1032300015,支援①の実施者,second_claim,active,△,情報を入手した場合に入力,コード,,EVN,,,,1.2.392.200119.6.3020,"1:医師 2:保健師 3:管理栄養士 4:その他"
継続支援情報,1416,1032300090,支援①情報,second_claim,motivational,△,情報を入手した場合に入力,漢字,ST,EVN,OBS,EVN,,,文字数上限は256文字
継続支援情報,1416,1032300090,支援①情報,second_claim,active,△,情報を入手した場合に入力,漢字,ST,EVN,OBS,EVN,,,文字数上限は256文字
継続支援情報,1421,1032300011,支援②の実施日付,second_claim,motivational,☆,少なくとも保険者が委託により実施した場合は必須入力項目,年月日,,EVN,,,,,YYYYMMDD
継続支援情報,1421,1032300011,支援②の実施日付,second_claim,active,△,情報を入手した場合に入力,年月日,,EVN,,,,,YYYYMMDD
継続支援情報,1422,1032300012,支援②の支援形態,second_claim,motivational,☆,少なくとも保険者が委託により実施した場合は必須入力項目,コード,,EVN,,,,1.2.392.200119.6.24010,"1:個別支援（対面） 2:個別支援（遠隔） 3:グループ支援（対面） 4:グループ支援（遠隔） 5:電話 6:電子メール等"
継続支援情報,1422,1032300012,支援②の支援形態,second_claim,active,△,情報を入手した場合に入力,コード,,EVN,,,,1.2.392.200119.6.24010,"1:個別支援（対面） 2:個別支援（遠隔） 3:グループ支援（対面） 4:グループ支援（遠隔） 5:電話 6:電子メール等"
継続支援情報,1423,1032300013,支援②の実施時間,second_claim,motivational,☆,少なくとも保険者が委託により実施した場合は必須入力項目,数字,,EVN,OBS,EVN,min,,
継続支援情報,1423,1032300013,支援②の実施時間,second_claim,active,△,情報を入手した場合に入力,数字,,EVN,OBS,EVN,min,,
継続支援情報,1424,1032300014,支援②の実施ポイント,second_claim,motivational,☆,少なくとも保険者が委託により実施した場合は必須入力項目,数字,INT,EVN,OBS,EVN,,,自動計算
継続支援情報,1424,1032300014,支援②の実施ポイント,second_claim,active,△,情報を入手した場合に入力,数字,INT,EVN,OBS,EVN,,,自動計算
継続支援情報,1425,1032300015,支援②の実施者,second_claim,motivational,☆,少なくとも保険者が委託により実施した場合は必須入力項目,コード,,EVN,,,,1.2.392.200119.6.3020,"1:医師 2:保健師 3:管理栄養士 4:その他"
継続支援情報,1425,1032300015,支援②の実施者,second_claim,active,△,情報を入手した場合に入力,コード,,EVN,,,,1.2.392.200119.6.3020,"1:医師 2:保健師 3:管理栄養士 4:その他"
継続支援情報,1426,1032300090,支援②情報,second_claim,motivational,△,情報を入手した場合に入力,漢字,ST,EVN,OBS,EVN,,,文字数上限は256文字
継続支援情報,1426,1032300090,支援②情報,second_claim,active,△,情報を入手した場合に入力,漢字,ST,EVN,OBS,EVN,,,文字数上限は256文字
継続支援情報,1431,1032300011,支援③の実施日付,second_claim,motivational,☆,少なくとも保険者が委託により実施した場合は必須入力項目,年月日,,EVN,,,,,YYYYMMDD
継続支援情報,1431,1032300011,支援③の実施日付,second_claim,active,△,情報を入手した場合に入力,年月日,,EVN,,,,,YYYYMMDD
継続支援情報,1432,1032300012,支援③の支援形態,second_claim,motivational,☆,少なくとも保険者が委託により実施した場合は必須入力項目,コード,,EVN,,,,1.2.392.200119.6.24010,"1:個別支援（対面） 2:個別支援（遠隔） 3:グループ支援（対面） 4:グループ支援（遠隔） 5:電話 6:電子メール等"
継続支援情報,1432,1032300012,支援③の支援形態,second_claim,active,△,情報を入手した場合に入力,コード,,EVN,,,,1.2.392.200119.6.24010,"1:個別支援（対面） 2:個別支援（遠隔） 3:グループ支援（対面） 4:グループ支援（遠隔） 5:電話 6:電子メール等"
継続支援情報,1433,1032300013,支援③の実施時間,second_claim,motivational,☆,少なくとも保険者が委託により実施した場合は必須入力項目,数字,,EVN,OBS,EVN,min,,
継続支援情報,1433,1032300013,支援③の実施時間,second_claim,active,△,情報を入手した場合に入力,数字,,EVN,OBS,EVN,min,,
継続支援情報,1434,1032300014,支援③の実施ポイント,second_claim,motivational,☆,少なくとも保険者が委託により実施した場合は必須入力項目,数字,INT,EVN,OBS,EVN,,,自動計算
継続支援情報,1434,1032300014,支援③の実施ポイント,second_claim,active,△,情報を入手した場合に入力,数字,INT,EVN,OBS,EVN,,,自動計算
継続支援情報,1435,1032300015,支援③の実施者,second_claim,motivational,☆,少なくとも保険者が委託により実施した場合は必須入力項目,コード,,EVN,,,,1.2.392.200119.6.3020,"1:医師 2:保健師 3:管理栄養士 4:その他"
継続支援情報,1435,1032300015,支援③の実施者,second_claim,active,△,情報を入手した場合に入力,コード,,EVN,,,,1.2.392.200119.6.3020,"1:医師 2:保健師 3:管理栄養士 4:その他"
継続支援情報,1436,1032300090,支援③情報,second_claim,motivational,△,情報を入手した場合に入力,漢字,ST,EVN,OBS,EVN,,,文字数上限は256文字
継続支援情報,1436,1032300090,支援③情報,second_claim,active,△,情報を入手した場合に入力,漢字,ST,EVN,OBS,EVN,,,文字数上限は256文字
継続支援情報,1441,1032300011,支援④の実施日付,second_claim,motivational,☆,少なくとも保険者が委託により実施した場合は必須入力項目,年月日,,EVN,,,,,YYYYMMDD
継続支援情報,1441,1032300011,支援④の実施日付,second_claim,active,△,情報を入手した場合に入力,年月日,,EVN,,,,,YYYYMMDD
継続支援情報,1442,1032300012,支援④の支援形態,second_claim,motivational,☆,少なくとも保険者が委託により実施した場合は必須入力項目,コード,,EVN,,,,1.2.392.200119.6.24010,"1:個別支援（対面） 2:個別支援（遠隔） 3:グループ支援（対面） 4:グループ支援（遠隔） 5:電話 6:電子メール等"
継続支援情報,1442,1032300012,支援④の支援形態,second_claim,active,△,情報を入手した場合に入力,コード,,EVN,,,,1.2.392.200119.6.24010,"1:個別支援（対面） 2:個別支援（遠隔） 3:グループ支援（対面） 4:グループ支援（遠隔） 5:電話 6:電子メール等"
継続支援情報,1443,1032300013,支援④の実施時間,second_claim,motivational,☆,少なくとも保険者が委託により実施した場合は必須入力項目,数字,,EVN,OBS,EVN,min,,
継続支援情報,1443,1032300013,支援④の実施時間,second_claim,active,△,情報を入手した場合に入力,数字,,EVN,OBS,EVN,min,,
継続支援情報,1444,1032300014,支援④の実施ポイント,second_claim,motivational,☆,少なくとも保険者が委託により実施した場合は必須入力項目,数字,INT,EVN,OBS,EVN,,,自動計算
継続支援情報,1444,1032300014,支援④の実施ポイント,second_claim,active,△,情報を入手した場合に入力,数字,INT,EVN,OBS,EVN,,,自動計算
継続支援情報,1445,1032300015,支援④の実施者,second_claim,motivational,☆,少なくとも保険者が委託により実施した場合は必須入力項目,コード,,EVN,,,,1.2.392.200119.6.3020,"1:医師 2:保健師 3:管理栄養士 4:その他"
継続支援情報,1445,1032300015,支援④の実施者,second_claim,active,△,情報を入手した場合に入力,コード,,EVN,,,,1.2.392.200119.6.3020,"1:医師 2:保健師 3:管理栄養士 4:その他"
継続支援情報,1446,1032300090,支援④情報,second_claim,motivational,△,情報を入手した場合に入力,漢字,ST,EVN,OBS,EVN,,,文字数上限は256文字
継続支援情報,1446,1032300090,支援④情報,second_claim,active,△,情報を入手した場合に入力,漢字,ST,EVN,OBS,EVN,,,文字数上限は256文字
中間評価情報,1501,1032000011,中間評価の実施日付,second_claim,motivational,▲*,契約により継続的な支援の実施及びその報告が求められている場合のみ入力。中間評価を実施した場合は必須入力項目,年月日,,EVN,,,,,YYYYMMDD
中間評価情報,1501,1032000011,中間評価の実施日付,second_claim,active,△,情報を入手した場合に入力,年月日,,EVN,,,,,YYYYMMDD
中間評価情報,1501,1032000011,中間評価の実施日付,second_claim,motivational_equivalent,▲*,契約により継続的な支援の実施及びその報告が求められている場合のみ入力。中間評価を実施した場合は必須入力項目,年月日,,EVN,,,,,YYYYMMDD
中間評価情報,1502,1032000012,中間評価の支援形態,second_claim,motivational,▲*,契約により継続的な支援の実施及びその報告が求められている場合のみ入力。中間評価を実施した場合は必須入力項目,コード,,EVN,,,,1.2.392.200119.6.24010,"1:個別支援（対面） 2:個別支援（遠隔） 3:グループ支援（対面） 4:グループ支援（遠隔） 5:電話 6:電子メール等"
中間評価情報,1502,1032000012,中間評価の支援形態,second_claim,active,△,情報を入手した場合に入力,コード,,EVN,,,,1.2.392.200119.6.24010,"1:個別支援（対面） 2:個別支援（遠隔） 3:グループ支援（対面） 4:グループ支援（遠隔） 5:電話 6:電子メール等"
中間評価情報,1502,1032000012,中間評価の支援形態,second_claim,motivational_equivalent,▲*,契約により継続的な支援の実施及びその報告が求められている場合のみ入力。中間評価を実施した場合は必須入力項目,コード,,EVN,,,,1.2.392.200119.6.24010,"1:個別支援（対面） 2:個別支援（遠隔） 3:グループ支援（対面） 4:グループ支援（遠隔） 5:電話 6:電子メール等"
中間評価情報,1503,1032000013,中間評価の実施時間,second_claim,motivational,▲*,契約により継続的な支援の実施及びその報告が求められている場合のみ入力。中間評価を実施した場合は必須入力項目,数字,,EVN,OBS,EVN,min,,
中間評価情報,1503,1032000013,中間評価の実施時間,second_claim,active,△,情報を入手した場合に入力,数字,,EVN,OBS,EVN,min,,
中間評価情報,1503,1032000013,中間評価の実施時間,second_claim,motivational_equivalent,▲*,契約により継続的な支援の実施及びその報告が求められている場合のみ入力。中間評価を実施した場合は必須入力項目,数字,,EVN,OBS,EVN,min,,
中間評価情報,1504,1032000014,中間評価の実施ポイント,second_claim,motivational,▲*,契約により継続的な支援の実施及びその報告が求められている場合のみ入力。中間評価を実施した場合は必須入力項目,数字,INT,EVN,OBS,EVN,,,自動計算
中間評価情報,1504,1032000014,中間評価の実施ポイント,second_claim,active,△,情報を入手した場合に入力,数字,INT,EVN,OBS,EVN,,,自動計算
中間評価情報,1504,1032000014,中間評価の実施ポイント,second_claim,motivational_equivalent,▲*,契約により継続的な支援の実施及びその報告が求められている場合のみ入力。中間評価を実施した場合は必須入力項目,数字,INT,EVN,OBS,EVN,,,自動計算
中間評価情報,1505,1032000015,中間評価の実施者,second_claim,motivational,▲*,契約により継続的な支援の実施及びその報告が求められている場合のみ入力。中間評価を実施した場合は必須入力項目,コード,,EVN,,,,1.2.392.200119.6.3020,"1:医師 2:保健師 3:管理栄養士 4:その他"
中間評価情報,1505,1032000015,中間評価の実施者,second_claim,active,△,情報を入手した場合に入力,コード,,EVN,,,,1.2.392.200119.6.3020,"1:医師 2:保健師 3:管理栄養士 4:その他"
中間評価情報,1505,1032000015,中間評価の実施者,second_claim,motivational_equivalent,▲*,契約により継続的な支援の実施及びその報告が求められている場合のみ入力。中間評価を実施した場合は必須入力項目,コード,,EVN,,,,1.2.392.200119.6.3020,"1:医師 2:保健師 3:管理栄養士 4:その他"
中間評価情報,1506,1032001031,中間評価時の腹囲,second_claim,motivational,▲*,契約により継続的な支援の実施及びその報告が求められている場合のみ入力。中間評価を実施した場合は必須入力項目,数字,PQ,EVN,OBS,EVN,cm,,
中間評価情報,1506,1032001031,中間評価時の腹囲,second_claim,active,△,情報を入手した場合に入力,数字,PQ,EVN,OBS,EVN,cm,,
中間評価情報,1506,1032001031,中間評価時の腹囲,second_claim,motivational_equivalent,▲*,契約により継続的な支援の実施及びその報告が求められている場合のみ入力。中間評価を実施した場合は必須入力項目,数字,PQ,EVN,OBS,EVN,cm,,
中間評価情報,1507,1032001032,中間評価時の体重,second_claim,motivational,▲*,契約により継続的な支援の実施及びその報告が求められている場合のみ入力。中間評価を実施した場合は必須入力項目,数字,PQ,EVN,OBS,EVN,kg,,
中間評価情報,1507,1032001032,中間評価時の体重,second_claim,active,△,情報を入手した場合に入力,数字,PQ,EVN,OBS,EVN,kg,,
中間評価情報,1507,1032001032,中間評価時の体重,second_claim,motivational_equivalent,▲*,契約により継続的な支援の実施及びその報告が求められている場合のみ入力。中間評価を実施した場合は必須入力項目,数字,PQ,EVN,OBS,EVN,kg,,
中間評価情報,1508,1032001033,中間評価時の収縮期血圧,second_claim,motivational,▲,契約により継続的な支援の実施及びその報告が求められている場合のみ入力,数字,PQ,EVN,OBS,EVN,mm[Hg],,
中間評価情報,1508,1032001033,中間評価時の収縮期血圧,second_claim,active,△,情報を入手した場合に入力,数字,PQ,EVN,OBS,EVN,mm[Hg],,
中間評価情報,1508,1032001033,中間評価時の収縮期血圧,second_claim,motivational_equivalent,▲,契約により継続的な支援の実施及びその報告が求められている場合のみ入力,数字,PQ,EVN,OBS,EVN,mm[Hg],,
中間評価情報,1509,1032001034,中間評価時の拡張期血圧,second_claim,motivational,▲,契約により継続的な支援の実施及びその報告が求められている場合のみ入力,数字,PQ,EVN,OBS,EVN,mm[Hg],,
中間評価情報,1509,1032001034,中間評価時の拡張期血圧,second_claim,active,△,情報を入手した場合に入力,数字,PQ,EVN,OBS,EVN,mm[Hg],,
中間評価情報,1509,1032001034,中間評価時の拡張期血圧,second_claim,motivational_equivalent,▲,契約により継続的な支援の実施及びその報告が求められている場合のみ入力,数字,PQ,EVN,OBS,EVN,mm[Hg],,
中間評価情報,1510,1032001044,中間評価時の腹囲・体重の改善,second_claim,motivational,▲*,契約により継続的な支援の実施及びその報告が求められている場合のみ入力。中間評価を実施した場合は必須入力項目,コード,CD,EVN,OBS,EVN,,1.2.392.200119.6.24090,"0:未達成 1:1cm・1kg 2:2cm・2kg"
中間評価情報,1510,1032001044,中間評価時の腹囲・体重の改善,second_claim,active,△,情報を入手した場合に入力,コード,CD,EVN,OBS,EVN,,1.2.392.200119.6.24090,"0:未達成 1:1cm・1kg 2:2cm・2kg"
中間評価情報,1510,1032001044,中間評価時の腹囲・体重の改善,second_claim,motivational_equivalent,▲*,契約により継続的な支援の実施及びその報告が求められている場合のみ入力。中間評価を実施した場合は必須入力項目,コード,CD,EVN,OBS,EVN,,1.2.392.200119.6.24090,"0:未達成 1:1cm・1kg 2:2cm・2kg"
中間評価情報,1511,1032001042,中間評価時の生活習慣の改善(食習慣),second_claim,motivational,▲*,契約により継続的な支援の実施及びその報告が求められている場合のみ入力。中間評価を実施した場合は必須入力項目,コード,CD,EVN,OBS,EVN,,1.2.392.200119.6.24100,"0:未達成 1:達成 9:目標なし"
中間評価情報,1511,1032001042,中間評価時の生活習慣の改善(食習慣),second_claim,active,△,情報を入手した場合に入力,コード,CD,EVN,OBS,EVN,,1.2.392.200119.6.24100,"0:未達成 1:達成 9:目標なし"
中間評価情報,1511,1032001042,中間評価時の生活習慣の改善(食習慣),second_claim,motivational_equivalent,▲*,契約により継続的な支援の実施及びその報告が求められている場合のみ入力。中間評価を実施した場合は必須入力項目,コード,CD,EVN,OBS,EVN,,1.2.392.200119.6.24100,"0:未達成 1:達成 9:目標なし"
中間評価情報,1512,1032001041,中間評価時の生活習慣の改善(運動習慣),second_claim,motivational,▲*,契約により継続的な支援の実施及びその報告が求められている場合のみ入力。中間評価を実施した場合は必須入力項目,コード,CD,EVN,OBS,EVN,,1.2.392.200119.6.24100,"0:未達成 1:達成 9:目標なし"
中間評価情報,1512,1032001041,中間評価時の生活習慣の改善(運動習慣),second_claim,active,△,情報を入手した場合に入力,コード,CD,EVN,OBS,EVN,,1.2.392.200119.6.24100,"0:未達成 1:達成 9:目標なし"
中間評価情報,1512,1032001041,中間評価時の生活習慣の改善(運動習慣),second_claim,motivational_equivalent,▲*,契約により継続的な支援の実施及びその報告が求められている場合のみ入力。中間評価を実施した場合は必須入力項目,コード,CD,EVN,OBS,EVN,,1.2.392.200119.6.24100,"0:未達成 1:達成 9:目標なし"
中間評価情報,1513,1032001043,中間評価時の生活習慣の改善(喫煙習慣),second_claim,motivational,▲*,契約により継続的な支援の実施及びその報告が求められている場合のみ入力。中間評価を実施した場合は必須入力項目,コード,CD,EVN,OBS,EVN,,1.2.392.200119.6.24130,"0:禁煙未達成 1:禁煙達成 8:非喫煙 9:禁煙目標なし"
中間評価情報,1513,1032001043,中間評価時の生活習慣の改善(喫煙習慣),second_claim,active,△,情報を入手した場合に入力,コード,CD,EVN,OBS,EVN,,1.2.392.200119.6.24130,"0:禁煙未達成 1:禁煙達成 8:非喫煙 9:禁煙目標なし"
中間評価情報,1513,1032001043,中間評価時の生活習慣の改善(喫煙習慣),second_claim,motivational_equivalent,▲*,契約により継続的な支援の実施及びその報告が求められている場合のみ入力。中間評価を実施した場合は必須入力項目,コード,CD,EVN,OBS,EVN,,1.2.392.200119.6.24130,"0:禁煙未達成 1:禁煙達成 8:非喫煙 9:禁煙目標なし"
中間評価情報,1514,1032001045,中間評価時の生活習慣の改善(休養習慣),second_claim,motivational,▲*,契約により継続的な支援の実施及びその報告が求められている場合のみ入力。中間評価を実施した場合は必須入力項目,コード,CD,EVN,OBS,EVN,,1.2.392.200119.6.24100,"0:未達成 1:達成 9:目標なし"
中間評価情報,1514,1032001045,中間評価時の生活習慣の改善(休養習慣),second_claim,active,△,情報を入手した場合に入力,コード,CD,EVN,OBS,EVN,,1.2.392.200119.6.24100,"0:未達成 1:達成 9:目標なし"
中間評価情報,1514,1032001045,中間評価時の生活習慣の改善(休養習慣),second_claim,motivational_equivalent,▲*,契約により継続的な支援の実施及びその報告が求められている場合のみ入力。中間評価を実施した場合は必須入力項目,コード,CD,EVN,OBS,EVN,,1.2.392.200119.6.24100,"0:未達成 1:達成 9:目標なし"
中間評価情報,1515,1032001046,中間評価時の生活習慣の改善(その他の生活習慣),second_claim,motivational,▲*,契約により継続的な支援の実施及びその報告が求められている場合のみ入力。中間評価を実施した場合は必須入力項目,コード,CD,EVN,OBS,EVN,,1.2.392.200119.6.24100,"0:未達成 1:達成 9:目標なし"
中間評価情報,1515,1032001046,中間評価時の生活習慣の改善(その他の生活習慣),second_claim,active,△,情報を入手した場合に入力,コード,CD,EVN,OBS,EVN,,1.2.392.200119.6.24100,"0:未達成 1:達成 9:目標なし"
中間評価情報,1515,1032001046,中間評価時の生活習慣の改善(その他の生活習慣),second_claim,motivational_equivalent,▲*,契約により継続的な支援の実施及びその報告が求められている場合のみ入力。中間評価を実施した場合は必須入力項目,コード,CD,EVN,OBS,EVN,,1.2.392.200119.6.24100,"0:未達成 1:達成 9:目標なし"
中間評価情報,1516,1032001090,中間評価情報,second_claim,motivational,▲,契約により継続的な支援の実施及びその報告が求められている場合のみ入力,漢字,ST,EVN,OBS,EVN,,,文字数上限は256文字
中間評価情報,1516,1032001090,中間評価情報,second_claim,active,△,情報を入手した場合に入力,漢字,ST,EVN,OBS,EVN,,,文字数上限は256文字
中間評価情報,1516,1032001090,中間評価情報,second_claim,motivational_equivalent,▲,契約により継続的な支援の実施及びその報告が求められている場合のみ入力,漢字,ST,EVN,OBS,EVN,,,文字数上限は256文字
実績評価情報,1601,1042000011,実績評価の実施日付,second_claim,motivational,○,必須入力項目,年月日,,EVN,,,,,YYYYMMDD
実績評価情報,1601,1042000011,実績評価の実施日付,second_claim,active,○,必須入力項目,年月日,,EVN,,,,,YYYYMMDD
実績評価情報,1601,1042000011,実績評価の実施日付,second_claim,motivational_equivalent,○,必須入力項目,年月日,,EVN,,,,,YYYYMMDD
実績評価情報,1601,1042000011,実績評価の実施日付,legal_report,motivational,○,必須入力項目,年月日,,EVN,,,,,YYYYMMDD
実績評価情報,1601,1042000011,実績評価の実施日付,legal_report,active,○,必須入力項目,年月日,,EVN,,,,,YYYYMMDD
実績評価情報,1601,1042000011,実績評価の実施日付,legal_report,motivational_equivalent,○,必須入力項目,年月日,,EVN,,,,,YYYYMMDD
実績評価情報,1602,1042000012,実績評価の支援形態又は確認方法,second_claim,motivational,○,必須入力項目,コード,,EVN,,,,1.2.392.200119.6.24010,"1:個別支援（対面） 2:個別支援（遠隔） 3:グループ支援（対面） 4:グループ支援（遠隔） 5:電話 6:電子メール等"
実績評価情報,1602,1042000012,実績評価の支援形態又は確認方法,second_claim,active,○,必須入力項目,コード,,EVN,,,,1.2.392.200119.6.24010,"1:個別支援（対面） 2:個別支援（遠隔） 3:グループ支援（対面） 4:グループ支援（遠隔） 5:電話 6:電子メール等"
実績評価情報,1602,1042000012,実績評価の支援形態又は確認方法,second_claim,motivational_equivalent,○,必須入力項目,コード,,EVN,,,,1.2.392.200119.6.24010,"1:個別支援（対面） 2:個別支援（遠隔） 3:グループ支援（対面） 4:グループ支援（遠隔） 5:電話 6:電子メール等"
実績評価情報,1602,1042000012,実績評価の支援形態又は確認方法,legal_report,motivational,○,必須入力項目,コード,,EVN,,,,1.2.392.200119.6.24010,"1:個別支援（対面） 2:個別支援（遠隔） 3:グループ支援（対面） 4:グループ支援（遠隔） 5:電話 6:電子メール等"
実績評価情報,1602,1042000012,実績評価の支援形態又は確認方法,legal_report,active,○,必須入力項目,コード,,EVN,,,,1.2.392.200119.6.24010,"1:個別支援（対面） 2:個別支援（遠隔） 3:グループ支援（対面） 4:グループ支援（遠隔） 5:電話 6:電子メール等"
実績評価情報,1602,1042000012,実績評価の支援形態又は確認方法,legal_report,motivational_equivalent,○,必須入力項目,コード,,EVN,,,,1.2.392.200119.6.24010,"1:個別支援（対面） 2:個別支援（遠隔） 3:グループ支援（対面） 4:グループ支援（遠隔） 5:電話 6:電子メール等"
実績評価情報,1603,1042000015,実績評価の実施者,second_claim,motivational,○,必須入力項目,コード,,EVN,,,,1.2.392.200119.6.3020,"1:医師 2:保健師 3:管理栄養士 4:その他"
実績評価情報,1603,1042000015,実績評価の実施者,second_claim,active,○,必須入力項目,コード,,EVN,,,,1.2.392.200119.6.3020,"1:医師 2:保健師 3:管理栄養士 4:その他"
実績評価情報,1603,1042000015,実績評価の実施者,second_claim,motivational_equivalent,○,必須入力項目,コード,,EVN,,,,1.2.392.200119.6.3020,"1:医師 2:保健師 3:管理栄養士 4:その他"
実績評価情報,1603,1042000015,実績評価の実施者,legal_report,motivational,○,必須入力項目,コード,,EVN,,,,1.2.392.200119.6.3020,"1:医師 2:保健師 3:管理栄養士 4:その他"
実績評価情報,1603,1042000015,実績評価の実施者,legal_report,active,○,必須入力項目,コード,,EVN,,,,1.2.392.200119.6.3020,"1:医師 2:保健師 3:管理栄養士 4:その他"
実績評価情報,1603,1042000015,実績評価の実施者,legal_report,motivational_equivalent,○,必須入力項目,コード,,EVN,,,,1.2.392.200119.6.3020,"1:医師 2:保健師 3:管理栄養士 4:その他"
実績評価情報,1604,1042000116,実績評価ができない場合の確認回数,second_claim,motivational,△,情報を入手した場合に入力,数字,INT,EVN,OBS,EVN,,,
実績評価情報,1604,1042000116,実績評価ができない場合の確認回数,second_claim,active,△,情報を入手した場合に入力,数字,INT,EVN,OBS,EVN,,,
実績評価情報,1604,1042000116,実績評価ができない場合の確認回数,second_claim,motivational_equivalent,△,情報を入手した場合に入力,数字,INT,EVN,OBS,EVN,,,
実績評価情報,1604,1042000116,実績評価ができない場合の確認回数,legal_report,motivational,△,情報を入手した場合に入力,数字,INT,EVN,OBS,EVN,,,
実績評価情報,1604,1042000116,実績評価ができない場合の確認回数,legal_report,active,△,情報を入手した場合に入力,数字,INT,EVN,OBS,EVN,,,
実績評価情報,1604,1042000116,実績評価ができない場合の確認回数,legal_report,motivational_equivalent,△,情報を入手した場合に入力,数字,INT,EVN,OBS,EVN,,,
実績評価情報,1605,1042001031,実績評価時の腹囲,second_claim,motivational,○,必須入力項目,数字,PQ,EVN,OBS,EVN,cm,,
実績評価情報,1605,1042001031,実績評価時の腹囲,second_claim,active,○,必須入力項目,数字,PQ,EVN,OBS,EVN,cm,,
実績評価情報,1605,1042001031,実績評価時の腹囲,second_claim,motivational_equivalent,○,必須入力項目,数字,PQ,EVN,OBS,EVN,cm,,
実績評価情報,1605,1042001031,実績評価時の腹囲,legal_report,motivational,○,必須入力項目,数字,PQ,EVN,OBS,EVN,cm,,
実績評価情報,1605,1042001031,実績評価時の腹囲,legal_report,active,○,必須入力項目,数字,PQ,EVN,OBS,EVN,cm,,
実績評価情報,1605,1042001031,実績評価時の腹囲,legal_report,motivational_equivalent,○,必須入力項目,数字,PQ,EVN,OBS,EVN,cm,,
実績評価情報,1606,1042001032,実績評価時の体重,second_claim,motivational,○,必須入力項目,数字,PQ,EVN,OBS,EVN,kg,,
実績評価情報,1606,1042001032,実績評価時の体重,second_claim,active,○,必須入力項目,数字,PQ,EVN,OBS,EVN,kg,,
実績評価情報,1606,1042001032,実績評価時の体重,second_claim,motivational_equivalent,○,必須入力項目,数字,PQ,EVN,OBS,EVN,kg,,
実績評価情報,1606,1042001032,実績評価時の体重,legal_report,motivational,○,必須入力項目,数字,PQ,EVN,OBS,EVN,kg,,
実績評価情報,1606,1042001032,実績評価時の体重,legal_report,active,○,必須入力項目,数字,PQ,EVN,OBS,EVN,kg,,
実績評価情報,1606,1042001032,実績評価時の体重,legal_report,motivational_equivalent,○,必須入力項目,数字,PQ,EVN,OBS,EVN,kg,,
実績評価情報,1607,1042001033,実績評価時の収縮期血圧,second_claim,motivational,△,情報を入手した場合に入力,数字,PQ,EVN,OBS,EVN,mm[Hg],,
実績評価情報,1607,1042001033,実績評価時の収縮期血圧,second_claim,active,△,情報を入手した場合に入力,数字,PQ,EVN,OBS,EVN,mm[Hg],,
実績評価情報,1607,1042001033,実績評価時の収縮期血圧,second_claim,motivational_equivalent,△,情報を入手した場合に入力,数字,PQ,EVN,OBS,EVN,mm[Hg],,
実績評価情報,1607,1042001033,実績評価時の収縮期血圧,legal_report,motivational,△,情報を入手した場合に入力,数字,PQ,EVN,OBS,EVN,mm[Hg],,
実績評価情報,1607,1042001033,実績評価時の収縮期血圧,legal_report,active,△,情報を入手した場合に入力,数字,PQ,EVN,OBS,EVN,mm[Hg],,
実績評価情報,1607,1042001033,実績評価時の収縮期血圧,legal_report,motivational_equivalent,△,情報を入手した場合に入力,数字,PQ,EVN,OBS,EVN,mm[Hg],,
実績評価情報,1608,1042001034,実績評価時の拡張期血圧,second_claim,motivational,△,情報を入手した場合に入力,数字,PQ,EVN,OBS,EVN,mm[Hg],,
実績評価情報,1608,1042001034,実績評価時の拡張期血圧,second_claim,active,△,情報を入手した場合に入力,数字,PQ,EVN,OBS,EVN,mm[Hg],,
実績評価情報,1608,1042001034,実績評価時の拡張期血圧,second_claim,motivational_equivalent,△,情報を入手した場合に入力,数字,PQ,EVN,OBS,EVN,mm[Hg],,
実績評価情報,1608,1042001034,実績評価時の拡張期血圧,legal_report,motivational,△,情報を入手した場合に入力,数字,PQ,EVN,OBS,EVN,mm[Hg],,
実績評価情報,1608,1042001034,実績評価時の拡張期血圧,legal_report,active,△,情報を入手した場合に入力,数字,PQ,EVN,OBS,EVN,mm[Hg],,
実績評価情報,1608,1042001034,実績評価時の拡張期血圧,legal_report,motivational_equivalent,△,情報を入手した場合に入力,数字,PQ,EVN,OBS,EVN,mm[Hg],,
実績評価情報,1609,1042001044,実績評価時の腹囲・体重の改善,second_claim,motivational,○,必須入力項目,コード,CD,EVN,OBS,EVN,,1.2.392.200119.6.24090,
実績評価情報,1609,1042001044,実績評価時の腹囲・体重の改善,second_claim,active,○,必須入力項目,コード,CD,EVN,OBS,EVN,,1.2.392.200119.6.24090,
実績評価情報,1609,1042001044,実績評価時の腹囲・体重の改善,second_claim,motivational_equivalent,○,必須入力項目,コード,CD,EVN,OBS,EVN,,1.2.392.200119.6.24090,
実績評価情報,1609,1042001044,実績評価時の腹囲・体重の改善,legal_report,motivational,○,必須入力項目,コード,CD,EVN,OBS,EVN,,1.2.392.200119.6.24090,
実績評価情報,1609,1042001044,実績評価時の腹囲・体重の改善,legal_report,active,○,必須入力項目,コード,CD,EVN,OBS,EVN,,1.2.392.200119.6.24090,
実績評価情報,1609,1042001044,実績評価時の腹囲・体重の改善,legal_report,motivational_equivalent,○,必須入力項目,コード,CD,EVN,OBS,EVN,,1.2.392.200119.6.24090,
実績評価情報,1610,1042001042,実績評価時の生活習慣の改善(食習慣),second_claim,motivational,○,必須入力項目,コード,CD,EVN,OBS,EVN,,1.2.392.200119.6.24100,"0:未達成 1:達成 9:目標なし"
実績評価情報,1610,1042001042,実績評価時の生活習慣の改善(食習慣),second_claim,active,○,必須入力項目,コード,CD,EVN,OBS,EVN,,1.2.392.200119.6.24100,"0:未達成 1:達成 9:目標なし"
実績評価情報,1610,1042001042,実績評価時の生活習慣の改善(食習慣),second_claim,motivational_equivalent,○,必須入力項目,コード,CD,EVN,OBS,EVN,,1.2.392.200119.6.24100,"0:未達成 1:達成 9:目標なし"
実績評価情報,1610,1042001042,実績評価時の生活習慣の改善(食習慣),legal_report,motivational,○,必須入力項目,コード,CD,EVN,OBS,EVN,,1.2.392.200119.6.24100,"0:未達成 1:達成 9:目標なし"
実績評価情報,1610,1042001042,実績評価時の生活習慣の改善(食習慣),legal_report,active,○,必須入力項目,コード,CD,EVN,OBS,EVN,,1.2.392.200119.6.24100,"0:未達成 1:達成 9:目標なし"
実績評価情報,1610,1042001042,実績評価時の生活習慣の改善(食習慣),legal_report,motivational_equivalent,○,必須入力項目,コード,CD,EVN,OBS,EVN,,1.2.392.200119.6.24100,"0:未達成 1:達成 9:目標なし"
実績評価情報,1611,1042001041,実績評価時の生活習慣の改善(運動習慣),second_claim,motivational,○,必須入力項目,コード,CD,EVN,OBS,EVN,,1.2.392.200119.6.24100,"0:未達成 1:達成 9:目標なし"
実績評価情報,1611,1042001041,実績評価時の生活習慣の改善(運動習慣),second_claim,active,○,必須入力項目,コード,CD,EVN,OBS,EVN,,1.2.392.200119.6.24100,"0:未達成 1:達成 9:目標なし"
実績評価情報,1611,1042001041,実績評価時の生活習慣の改善(運動習慣),second_claim,motivational_equivalent,○,必須入力項目,コード,CD,EVN,OBS,EVN,,1.2.392.200119.6.24100,"0:未達成 1:達成 9:目標なし"
実績評価情報,1611,1042001041,実績評価時の生活習慣の改善(運動習慣),legal_report,motivational,○,必須入力項目,コード,CD,EVN,OBS,EVN,,1.2.392.200119.6.24100,"0:未達成 1:達成 9:目標なし"
実績評価情報,1611,1042001041,実績評価時の生活習慣の改善(運動習慣),legal_report,active,○,必須入力項目,コード,CD,EVN,OBS,EVN,,1.2.392.200119.6.24100,"0:未達成 1:達成 9:目標なし"
実績評価情報,1611,1042001041,実績評価時の生活習慣の改善(運動習慣),legal_report,motivational_equivalent,○,必須入力項目,コード,CD,EVN,OBS,EVN,,1.2.392.200119.6.24100,"0:未達成 1:達成 9:目標なし"
実績評価情報,1612,1042001043,実績評価時の生活習慣の改善(喫煙習慣),second_claim,motivational,○,必須入力項目,コード,CD,EVN,OBS,EVN,,1.2.392.200119.6.24130,"0:禁煙未達成 1:禁煙達成 8:非喫煙 9:禁煙目標なし"
実績評価情報,1612,1042001043,実績評価時の生活習慣の改善(喫煙習慣),second_claim,active,○,必須入力項目,コード,CD,EVN,OBS,EVN,,1.2.392.200119.6.24130,"0:禁煙未達成 1:禁煙達成 8:非喫煙 9:禁煙目標なし"
実績評価情報,1612,1042001043,実績評価時の生活習慣の改善(喫煙習慣),second_claim,motivational_equivalent,○,必須入力項目,コード,CD,EVN,OBS,EVN,,1.2.392.200119.6.24130,"0:禁煙未達成 1:禁煙達成 8:非喫煙 9:禁煙目標なし"
実績評価情報,1612,1042001043,実績評価時の生活習慣の改善(喫煙習慣),legal_report,motivational,○,必須入力項目,コード,CD,EVN,OBS,EVN,,1.2.392.200119.6.24130,"0:禁煙未達成 1:禁煙達成 8:非喫煙 9:禁煙目標なし"
実績評価情報,1612,1042001043,実績評価時の生活習慣の改善(喫煙習慣),legal_report,active,○,必須入力項目,コード,CD,EVN,OBS,EVN,,1.2.392.200119.6.24130,"0:禁煙未達成 1:禁煙達成 8:非喫煙 9:禁煙目標なし"
実績評価情報,1612,1042001043,実績評価時の生活習慣の改善(喫煙習慣),legal_report,motivational_equivalent,○,必須入力項目,コード,CD,EVN,OBS,EVN,,1.2.392.200119.6.24130,"0:禁煙未達成 1:禁煙達成 8:非喫煙 9:禁煙目標なし"
実績評価情報,1613,1042001045,実績評価時の生活習慣の改善(休養習慣),second_claim,motivational,○,必須入力項目,コード,CD,EVN,OBS,EVN,,1.2.392.200119.6.24100,"0:未達成 1:達成 9:目標なし"
実績評価情報,1613,1042001045,実績評価時の生活習慣の改善(休養習慣),second_claim,active,○,必須入力項目,コード,CD,EVN,OBS,EVN,,1.2.392.200119.6.24100,"0:未達成 1:達成 9:目標なし"
実績評価情報,1613,1042001045,実績評価時の生活習慣の改善(休養習慣),second_claim,motivational_equivalent,○,必須入力項目,コード,CD,EVN,OBS,EVN,,1.2.392.200119.6.24100,"0:未達成 1:達成 9:目標なし"
実績評価情報,1613,1042001045,実績評価時の生活習慣の改善(休養習慣),legal_report,motivational,○,必須入力項目,コード,CD,EVN,OBS,EVN,,1.2.392.200119.6.24100,"0:未達成 1:達成 9:目標なし"
実績評価情報,1613,1042001045,実績評価時の生活習慣の改善(休養習慣),legal_report,active,○,必須入力項目,コード,CD,EVN,OBS,EVN,,1.2.392.200119.6.24100,"0:未達成 1:達成 9:目標なし"
実績評価情報,1613,1042001045,実績評価時の生活習慣の改善(休養習慣),legal_report,motivational_equivalent,○,必須入力項目,コード,CD,EVN,OBS,EVN,,1.2.392.200119.6.24100,"0:未達成 1:達成 9:目標なし"
実績評価情報,1614,1042001046,実績評価時の生活習慣の改善(その他の生活習慣),second_claim,motivational,○,必須入力項目,コード,CD,EVN,OBS,EVN,,1.2.392.200119.6.24100,"0:未達成 1:達成 9:目標なし"
実績評価情報,1614,1042001046,実績評価時の生活習慣の改善(その他の生活習慣),second_claim,active,○,必須入力項目,コード,CD,EVN,OBS,EVN,,1.2.392.200119.6.24100,"0:未達成 1:達成 9:目標なし"
実績評価情報,1614,1042001046,実績評価時の生活習慣の改善(その他の生活習慣),second_claim,motivational_equivalent,○,必須入力項目,コード,CD,EVN,OBS,EVN,,1.2.392.200119.6.24100,"0:未達成 1:達成 9:目標なし"
実績評価情報,1614,1042001046,実績評価時の生活習慣の改善(その他の生活習慣),legal_report,motivational,○,必須入力項目,コード,CD,EVN,OBS,EVN,,1.2.392.200119.6.24100,"0:未達成 1:達成 9:目標なし"
実績評価情報,1614,1042001046,実績評価時の生活習慣の改善(その他の生活習慣),legal_report,active,○,必須入力項目,コード,CD,EVN,OBS,EVN,,1.2.392.200119.6.24100,"0:未達成 1:達成 9:目標なし"
実績評価情報,1614,1042001046,実績評価時の生活習慣の改善(その他の生活習慣),legal_report,motivational_equivalent,○,必須入力項目,コード,CD,EVN,OBS,EVN,,1.2.392.200119.6.24100,"0:未達成 1:達成 9:目標なし"
実績評価情報,1615,1042001060,実績評価時のポイント(アウトカム評価の合計),second_claim,motivational,○,必須入力項目,数字,INT,EVN,OBS,EVN,,,"自動計算(1609+1610+1611+1612+1613+1614) 自動計算定義表を参照。"
実績評価情報,1615,1042001060,実績評価時のポイント(アウトカム評価の合計),second_claim,active,○,必須入力項目,数字,INT,EVN,OBS,EVN,,,"自動計算(1609+1610+1611+1612+1613+1614) 自動計算定義表を参照。"
実績評価情報,1615,1042001060,実績評価時のポイント(アウトカム評価の合計),second_claim,motivational_equivalent,○,必須入力項目,数字,INT,EVN,OBS,EVN,,,"自動計算(1609+1610+1611+1612+1613+1614) 自動計算定義表を参照。"
実績評価情報,1615,1042001060,実績評価時のポイント(アウトカム評価の合計),legal_report,motivational,○,必須入力項目,数字,INT,EVN,OBS,EVN,,,"自動計算(1609+1610+1611+1612+1613+1614) 自動計算定義表を参照。"
実績評価情報,1615,1042001060,実績評価時のポイント(アウトカム評価の合計),legal_report,active,○,必須入力項目,数字,INT,EVN,OBS,EVN,,,"自動計算(1609+1610+1611+1612+1613+1614) 自動計算定義表を参照。"
実績評価情報,1615,1042001060,実績評価時のポイント(アウトカム評価の合計),legal_report,motivational_equivalent,○,必須入力項目,数字,INT,EVN,OBS,EVN,,,"自動計算(1609+1610+1611+1612+1613+1614) 自動計算定義表を参照。"
実績評価情報,1616,1042001090,実績評価情報,second_claim,motivational,△,情報を入手した場合に入力,漢字,ST,EVN,OBS,EVN,,,
実績評価情報,1616,1042001090,実績評価情報,second_claim,active,△,情報を入手した場合に入力,漢字,ST,EVN,OBS,EVN,,,
実績評価情報,1616,1042001090,実績評価情報,second_claim,motivational_equivalent,△,情報を入手した場合に入力,漢字,ST,EVN,OBS,EVN,,,
計画上の集計情報,1702,1041020010,計画上の継続的な支援の合計実施時間(個別支援(対面)),first_claim,active,○,必須入力項目,数字,PQ,INT,OBS,INT,min,,
計画上の集計情報,1702,1041020010,計画上の継続的な支援の合計実施時間(個別支援(対面)),first_claim,motivational_equivalent,△,情報を入手した場合に入力,数字,PQ,INT,OBS,INT,min,,
計画上の集計情報,1702,1041020010,計画上の継続的な支援の合計実施時間(個別支援(対面)),second_claim,active,○,必須入力項目,数字,PQ,INT,OBS,INT,min,,
計画上の集計情報,1702,1041020010,計画上の継続的な支援の合計実施時間(個別支援(対面)),second_claim,motivational_equivalent,△,情報を入手した場合に入力,数字,PQ,INT,OBS,INT,min,,
計画上の集計情報,1702,1041020010,計画上の継続的な支援の合計実施時間(個別支援(対面)),legal_report,active,○,必須入力項目,数字,PQ,INT,OBS,INT,min,,
計画上の集計情報,1702,1041020010,計画上の継続的な支援の合計実施時間(個別支援(対面)),legal_report,motivational_equivalent,△,情報を入手した場合に入力,数字,PQ,INT,OBS,INT,min,,
計画上の集計情報,1703,1041010020,計画上の継続的な支援の実施回数(個別支援(遠隔)),first_claim,active,○,必須入力項目,数字,INT,INT,OBS,INT,,,
計画上の集計情報,1703,1041010020,計画上の継続的な支援の実施回数(個別支援(遠隔)),first_claim,motivational_equivalent,△,情報を入手した場合に入力,数字,INT,INT,OBS,INT,,,
計画上の集計情報,1703,1041010020,計画上の継続的な支援の実施回数(個別支援(遠隔)),second_claim,active,○,必須入力項目,数字,INT,INT,OBS,INT,,,
計画上の集計情報,1703,1041010020,計画上の継続的な支援の実施回数(個別支援(遠隔)),second_claim,motivational_equivalent,△,情報を入手した場合に入力,数字,INT,INT,OBS,INT,,,
計画上の集計情報,1703,1041010020,計画上の継続的な支援の実施回数(個別支援(遠隔)),legal_report,active,○,必須入力項目,数字,INT,INT,OBS,INT,,,
計画上の集計情報,1703,1041010020,計画上の継続的な支援の実施回数(個別支援(遠隔)),legal_report,motivational_equivalent,△,情報を入手した場合に入力,数字,INT,INT,OBS,INT,,,
計画上の集計情報,1704,1041020020,計画上の継続的な支援の合計実施時間(個別支援(遠隔)),first_claim,active,○,必須入力項目,数字,PQ,INT,OBS,INT,min,,
計画上の集計情報,1704,1041020020,計画上の継続的な支援の合計実施時間(個別支援(遠隔)),first_claim,motivational_equivalent,△,情報を入手した場合に入力,数字,PQ,INT,OBS,INT,min,,
計画上の集計情報,1704,1041020020,計画上の継続的な支援の合計実施時間(個別支援(遠隔)),second_claim,active,○,必須入力項目,数字,PQ,INT,OBS,INT,min,,
計画上の集計情報,1704,1041020020,計画上の継続的な支援の合計実施時間(個別支援(遠隔)),second_claim,motivational_equivalent,△,情報を入手した場合に入力,数字,PQ,INT,OBS,INT,min,,
計画上の集計情報,1704,1041020020,計画上の継続的な支援の合計実施時間(個別支援(遠隔)),legal_report,active,○,必須入力項目,数字,PQ,INT,OBS,INT,min,,
計画上の集計情報,1704,1041020020,計画上の継続的な支援の合計実施時間(個別支援(遠隔)),legal_report,motivational_equivalent,△,情報を入手した場合に入力,数字,PQ,INT,OBS,INT,min,,
計画上の集計情報,1705,1041010030,計画上の継続的な支援の実施回数(グループ支援(対面)),first_claim,active,○,必須入力項目,数字,INT,INT,OBS,INT,,,
計画上の集計情報,1705,1041010030,計画上の継続的な支援の実施回数(グループ支援(対面)),first_claim,motivational_equivalent,△,情報を入手した場合に入力,数字,INT,INT,OBS,INT,,,
計画上の集計情報,1705,1041010030,計画上の継続的な支援の実施回数(グループ支援(対面)),second_claim,active,○,必須入力項目,数字,INT,INT,OBS,INT,,,
計画上の集計情報,1705,1041010030,計画上の継続的な支援の実施回数(グループ支援(対面)),second_claim,motivational_equivalent,△,情報を入手した場合に入力,数字,INT,INT,OBS,INT,,,
計画上の集計情報,1705,1041010030,計画上の継続的な支援の実施回数(グループ支援(対面)),legal_report,active,○,必須入力項目,数字,INT,INT,OBS,INT,,,
計画上の集計情報,1705,1041010030,計画上の継続的な支援の実施回数(グループ支援(対面)),legal_report,motivational_equivalent,△,情報を入手した場合に入力,数字,INT,INT,OBS,INT,,,
計画上の集計情報,1706,1041020030,計画上の継続的な支援の合計実施時間(グループ支援(対面)),first_claim,active,○,必須入力項目,数字,PQ,INT,OBS,INT,min,,
計画上の集計情報,1706,1041020030,計画上の継続的な支援の合計実施時間(グループ支援(対面)),first_claim,motivational_equivalent,△,情報を入手した場合に入力,数字,PQ,INT,OBS,INT,min,,
計画上の集計情報,1706,1041020030,計画上の継続的な支援の合計実施時間(グループ支援(対面)),second_claim,active,○,必須入力項目,数字,PQ,INT,OBS,INT,min,,
計画上の集計情報,1706,1041020030,計画上の継続的な支援の合計実施時間(グループ支援(対面)),second_claim,motivational_equivalent,△,情報を入手した場合に入力,数字,PQ,INT,OBS,INT,min,,
計画上の集計情報,1706,1041020030,計画上の継続的な支援の合計実施時間(グループ支援(対面)),legal_report,active,○,必須入力項目,数字,PQ,INT,OBS,INT,min,,
計画上の集計情報,1706,1041020030,計画上の継続的な支援の合計実施時間(グループ支援(対面)),legal_report,motivational_equivalent,△,情報を入手した場合に入力,数字,PQ,INT,OBS,INT,min,,
計画上の集計情報,1707,1041010040,計画上の継続的な支援の実施回数(グループ支援(遠隔)),first_claim,active,○,必須入力項目,数字,INT,INT,OBS,INT,,,
計画上の集計情報,1707,1041010040,計画上の継続的な支援の実施回数(グループ支援(遠隔)),first_claim,motivational_equivalent,△,情報を入手した場合に入力,数字,INT,INT,OBS,INT,,,
計画上の集計情報,1707,1041010040,計画上の継続的な支援の実施回数(グループ支援(遠隔)),second_claim,active,○,必須入力項目,数字,INT,INT,OBS,INT,,,
計画上の集計情報,1707,1041010040,計画上の継続的な支援の実施回数(グループ支援(遠隔)),second_claim,motivational_equivalent,△,情報を入手した場合に入力,数字,INT,INT,OBS,INT,,,
計画上の集計情報,1707,1041010040,計画上の継続的な支援の実施回数(グループ支援(遠隔)),legal_report,active,○,必須入力項目,数字,INT,INT,OBS,INT,,,
計画上の集計情報,1707,1041010040,計画上の継続的な支援の実施回数(グループ支援(遠隔)),legal_report,motivational_equivalent,△,情報を入手した場合に入力,数字,INT,INT,OBS,INT,,,
計画上の集計情報,1708,1041020040,計画上の継続的な支援の合計実施時間(グループ支援(遠隔)),first_claim,active,○,必須入力項目,数字,PQ,INT,OBS,INT,min,,
計画上の集計情報,1708,1041020040,計画上の継続的な支援の合計実施時間(グループ支援(遠隔)),first_claim,motivational_equivalent,△,情報を入手した場合に入力,数字,PQ,INT,OBS,INT,min,,
計画上の集計情報,1708,1041020040,計画上の継続的な支援の合計実施時間(グループ支援(遠隔)),second_claim,active,○,必須入力項目,数字,PQ,INT,OBS,INT,min,,
計画上の集計情報,1708,1041020040,計画上の継続的な支援の合計実施時間(グループ支援(遠隔)),second_claim,motivational_equivalent,△,情報を入手した場合に入力,数字,PQ,INT,OBS,INT,min,,
計画上の集計情報,1708,1041020040,計画上の継続的な支援の合計実施時間(グループ支援(遠隔)),legal_report,active,○,必須入力項目,数字,PQ,INT,OBS,INT,min,,
計画上の集計情報,1708,1041020040,計画上の継続的な支援の合計実施時間(グループ支援(遠隔)),legal_report,motivational_equivalent,△,情報を入手した場合に入力,数字,PQ,INT,OBS,INT,min,,
計画上の集計情報,1709,1041010050,計画上の継続的な支援の実施回数(電話),first_claim,active,○,必須入力項目,数字,INT,INT,OBS,INT,,,
計画上の集計情報,1709,1041010050,計画上の継続的な支援の実施回数(電話),first_claim,motivational_equivalent,△,情報を入手した場合に入力,数字,INT,INT,OBS,INT,,,
計画上の集計情報,1709,1041010050,計画上の継続的な支援の実施回数(電話),second_claim,active,○,必須入力項目,数字,INT,INT,OBS,INT,,,
計画上の集計情報,1709,1041010050,計画上の継続的な支援の実施回数(電話),second_claim,motivational_equivalent,△,情報を入手した場合に入力,数字,INT,INT,OBS,INT,,,
計画上の集計情報,1709,1041010050,計画上の継続的な支援の実施回数(電話),legal_report,active,○,必須入力項目,数字,INT,INT,OBS,INT,,,
計画上の集計情報,1709,1041010050,計画上の継続的な支援の実施回数(電話),legal_report,motivational_equivalent,△,情報を入手した場合に入力,数字,INT,INT,OBS,INT,,,
計画上の集計情報,1710,1041020050,計画上の継続的な支援の合計実施時間(電話),first_claim,active,○,必須入力項目,数字,PQ,INT,OBS,INT,min,,
計画上の集計情報,1710,1041020050,計画上の継続的な支援の合計実施時間(電話),first_claim,motivational_equivalent,△,情報を入手した場合に入力,数字,PQ,INT,OBS,INT,min,,
計画上の集計情報,1710,1041020050,計画上の継続的な支援の合計実施時間(電話),second_claim,active,○,必須入力項目,数字,PQ,INT,OBS,INT,min,,
計画上の集計情報,1710,1041020050,計画上の継続的な支援の合計実施時間(電話),second_claim,motivational_equivalent,△,情報を入手した場合に入力,数字,PQ,INT,OBS,INT,min,,
計画上の集計情報,1710,1041020050,計画上の継続的な支援の合計実施時間(電話),legal_report,active,○,必須入力項目,数字,PQ,INT,OBS,INT,min,,
計画上の集計情報,1710,1041020050,計画上の継続的な支援の合計実施時間(電話),legal_report,motivational_equivalent,△,情報を入手した場合に入力,数字,PQ,INT,OBS,INT,min,,
計画上の集計情報,1711,1041010060,計画上の継続的な支援の実施回数(電子メール等),first_claim,active,○,必須入力項目,数字,INT,INT,OBS,INT,,,
計画上の集計情報,1711,1041010060,計画上の継続的な支援の実施回数(電子メール等),first_claim,motivational_equivalent,△,情報を入手した場合に入力,数字,INT,INT,OBS,INT,,,
計画上の集計情報,1711,1041010060,計画上の継続的な支援の実施回数(電子メール等),second_claim,active,○,必須入力項目,数字,INT,INT,OBS,INT,,,
計画上の集計情報,1711,1041010060,計画上の継続的な支援の実施回数(電子メール等),second_claim,motivational_equivalent,△,情報を入手した場合に入力,数字,INT,INT,OBS,INT,,,
計画上の集計情報,1711,1041010060,計画上の継続的な支援の実施回数(電子メール等),legal_report,active,○,必須入力項目,数字,INT,INT,OBS,INT,,,
計画上の集計情報,1711,1041010060,計画上の継続的な支援の実施回数(電子メール等),legal_report,motivational_equivalent,△,情報を入手した場合に入力,数字,INT,INT,OBS,INT,,,
計画上の集計情報,1712,1041010070,計画上の継続的な支援によるポイント(合計),first_claim,active,○,必須入力項目,数字,INT,INT,OBS,INT,,,"自動計算(1701+1703+1705+1707+1709+1711) 自動計算定義表を参照。"
計画上の集計情報,1712,1041010070,計画上の継続的な支援によるポイント(合計),first_claim,motivational_equivalent,△,情報を入手した場合に入力,数字,INT,INT,OBS,INT,,,"自動計算(1701+1703+1705+1707+1709+1711) 自動計算定義表を参照。"
計画上の集計情報,1712,1041010070,計画上の継続的な支援によるポイント(合計),second_claim,active,○,必須入力項目,数字,INT,INT,OBS,INT,,,"自動計算(1701+1703+1705+1707+1709+1711) 自動計算定義表を参照。"
計画上の集計情報,1712,1041010070,計画上の継続的な支援によるポイント(合計),second_claim,motivational_equivalent,△,情報を入手した場合に入力,数字,INT,INT,OBS,INT,,,"自動計算(1701+1703+1705+1707+1709+1711) 自動計算定義表を参照。"
計画上の集計情報,1712,1041010070,計画上の継続的な支援によるポイント(合計),legal_report,active,○,必須入力項目,数字,INT,INT,OBS,INT,,,"自動計算(1701+1703+1705+1707+1709+1711) 自動計算定義表を参照。"
計画上の集計情報,1712,1041010070,計画上の継続的な支援によるポイント(合計),legal_report,motivational_equivalent,△,情報を入手した場合に入力,数字,INT,INT,OBS,INT,,,"自動計算(1701+1703+1705+1707+1709+1711) 自動計算定義表を参照。"
計画上の集計情報,1713,1041010080,計画上のポイント(合計),first_claim,active,○,必須入力項目,数字,INT,INT,OBS,INT,,,"自動計算(1303+1345+1712) 自動計算定義表を参照。"
計画上の集計情報,1713,1041010080,計画上のポイント(合計),first_claim,motivational_equivalent,△,情報を入手した場合に入力,数字,INT,INT,OBS,INT,,,"自動計算(1303+1345+1712) 自動計算定義表を参照。"
計画上の集計情報,1713,1041010080,計画上のポイント(合計),legal_report,active,○,必須入力項目,数字,INT,INT,OBS,INT,,,"自動計算(1303+1345+1712) 自動計算定義表を参照。"
計画上の集計情報,1713,1041010080,計画上のポイント(合計),legal_report,motivational_equivalent,△,情報を入手した場合に入力,数字,INT,INT,OBS,INT,,,"自動計算(1303+1345+1712) 自動計算定義表を参照。"
実施上の集計情報,1745,1042000022,実施上の継続的な支援の終了日,second_claim,active,○,必須入力項目,年月日,,EVN,,,,,YYYYMMDD
実施上の集計情報,1745,1042000022,実施上の継続的な支援の終了日,second_claim,motivational_equivalent,△,情報を入手した場合に入力,年月日,,EVN,,,,,YYYYMMDD
実施上の集計情報,1745,1042000022,実施上の継続的な支援の終了日,legal_report,active,○,必須入力項目,年月日,,EVN,,,,,YYYYMMDD
実施上の集計情報,1745,1042000022,実施上の継続的な支援の終了日,legal_report,motivational_equivalent,△,情報を入手した場合に入力,年月日,,EVN,,,,,YYYYMMDD
実施上の集計情報,1731,1042010010,継続的な支援の実施回数(個別支援(対面)),second_claim,active,○,必須入力項目,数字,INT,EVN,OBS,EVN,,,
実施上の集計情報,1731,1042010010,継続的な支援の実施回数(個別支援(対面)),second_claim,motivational_equivalent,△,情報を入手した場合に入力,数字,INT,EVN,OBS,EVN,,,
実施上の集計情報,1731,1042010010,継続的な支援の実施回数(個別支援(対面)),legal_report,active,○,必須入力項目,数字,INT,EVN,OBS,EVN,,,
実施上の集計情報,1731,1042010010,継続的な支援の実施回数(個別支援(対面)),legal_report,motivational_equivalent,△,情報を入手した場合に入力,数字,INT,EVN,OBS,EVN,,,
実施上の集計情報,1732,1042020010,継続的な支援の合計実施時間(個別支援(対面)),second_claim,active,○,必須入力項目,数字,PQ,EVN,OBS,EVN,min,,
実施上の集計情報,1732,1042020010,継続的な支援の合計実施時間(個別支援(対面)),second_claim,motivational_equivalent,△,情報を入手した場合に入力,数字,PQ,EVN,OBS,EVN,min,,
実施上の集計情報,1732,1042020010,継続的な支援の合計実施時間(個別支援(対面)),legal_report,active,○,必須入力項目,数字,PQ,EVN,OBS,EVN,min,,
実施上の集計情報,1732,1042020010,継続的な支援の合計実施時間(個別支援(対面)),legal_report,motivational_equivalent,△,情報を入手した場合に入力,数字,PQ,EVN,OBS,EVN,min,,
実施上の集計情報,1733,1042010020,継続的な支援の実施回数(個別支援(遠隔)),second_claim,active,○,必須入力項目,数字,INT,EVN,OBS,EVN,,,
実施上の集計情報,1733,1042010020,継続的な支援の実施回数(個別支援(遠隔)),second_claim,motivational_equivalent,△,情報を入手した場合に入力,数字,INT,EVN,OBS,EVN,,,
実施上の集計情報,1733,1042010020,継続的な支援の実施回数(個別支援(遠隔)),legal_report,active,○,必須入力項目,数字,INT,EVN,OBS,EVN,,,
実施上の集計情報,1733,1042010020,継続的な支援の実施回数(個別支援(遠隔)),legal_report,motivational_equivalent,△,情報を入手した場合に入力,数字,INT,EVN,OBS,EVN,,,
実施上の集計情報,1734,1042020020,継続的な支援の合計実施時間(個別支援(遠隔)),second_claim,active,○,必須入力項目,数字,PQ,EVN,OBS,EVN,min,,
実施上の集計情報,1734,1042020020,継続的な支援の合計実施時間(個別支援(遠隔)),second_claim,motivational_equivalent,△,情報を入手した場合に入力,数字,PQ,EVN,OBS,EVN,min,,
実施上の集計情報,1734,1042020020,継続的な支援の合計実施時間(個別支援(遠隔)),legal_report,active,○,必須入力項目,数字,PQ,EVN,OBS,EVN,min,,
実施上の集計情報,1734,1042020020,継続的な支援の合計実施時間(個別支援(遠隔)),legal_report,motivational_equivalent,△,情報を入手した場合に入力,数字,PQ,EVN,OBS,EVN,min,,
実施上の集計情報,1735,1042010030,継続的な支援の実施回数(グループ支援(対面)),second_claim,active,○,必須入力項目,数字,INT,EVN,OBS,EVN,,,
実施上の集計情報,1735,1042010030,継続的な支援の実施回数(グループ支援(対面)),second_claim,motivational_equivalent,△,情報を入手した場合に入力,数字,INT,EVN,OBS,EVN,,,
実施上の集計情報,1735,1042010030,継続的な支援の実施回数(グループ支援(対面)),legal_report,active,○,必須入力項目,数字,INT,EVN,OBS,EVN,,,
実施上の集計情報,1735,1042010030,継続的な支援の実施回数(グループ支援(対面)),legal_report,motivational_equivalent,△,情報を入手した場合に入力,数字,INT,EVN,OBS,EVN,,,
実施上の集計情報,1736,1042020030,継続的な支援の合計実施時間(グループ支援(対面)),second_claim,active,○,必須入力項目,数字,PQ,EVN,OBS,EVN,min,,
実施上の集計情報,1736,1042020030,継続的な支援の合計実施時間(グループ支援(対面)),second_claim,motivational_equivalent,△,情報を入手した場合に入力,数字,PQ,EVN,OBS,EVN,min,,
実施上の集計情報,1736,1042020030,継続的な支援の合計実施時間(グループ支援(対面)),legal_report,active,○,必須入力項目,数字,PQ,EVN,OBS,EVN,min,,
実施上の集計情報,1736,1042020030,継続的な支援の合計実施時間(グループ支援(対面)),legal_report,motivational_equivalent,△,情報を入手した場合に入力,数字,PQ,EVN,OBS,EVN,min,,
実施上の集計情報,1737,1042010040,継続的な支援の実施回数(グループ支援(遠隔)),second_claim,active,○,必須入力項目,数字,INT,EVN,OBS,EVN,,,
実施上の集計情報,1737,1042010040,継続的な支援の実施回数(グループ支援(遠隔)),second_claim,motivational_equivalent,△,情報を入手した場合に入力,数字,INT,EVN,OBS,EVN,,,
実施上の集計情報,1737,1042010040,継続的な支援の実施回数(グループ支援(遠隔)),legal_report,active,○,必須入力項目,数字,INT,EVN,OBS,EVN,,,
実施上の集計情報,1737,1042010040,継続的な支援の実施回数(グループ支援(遠隔)),legal_report,motivational_equivalent,△,情報を入手した場合に入力,数字,INT,EVN,OBS,EVN,,,
実施上の集計情報,1738,1042020040,継続的な支援の合計実施時間(グループ支援(遠隔)),second_claim,active,○,必須入力項目,数字,PQ,EVN,OBS,EVN,min,,
実施上の集計情報,1738,1042020040,継続的な支援の合計実施時間(グループ支援(遠隔)),second_claim,motivational_equivalent,△,情報を入手した場合に入力,数字,PQ,EVN,OBS,EVN,min,,
実施上の集計情報,1738,1042020040,継続的な支援の合計実施時間(グループ支援(遠隔)),legal_report,active,○,必須入力項目,数字,PQ,EVN,OBS,EVN,min,,
実施上の集計情報,1738,1042020040,継続的な支援の合計実施時間(グループ支援(遠隔)),legal_report,motivational_equivalent,△,情報を入手した場合に入力,数字,PQ,EVN,OBS,EVN,min,,
実施上の集計情報,1739,1042010050,継続的な支援の実施回数(電話),second_claim,active,○,必須入力項目,数字,INT,EVN,OBS,EVN,,,
実施上の集計情報,1739,1042010050,継続的な支援の実施回数(電話),second_claim,motivational_equivalent,△,情報を入手した場合に入力,数字,INT,EVN,OBS,EVN,,,
実施上の集計情報,1739,1042010050,継続的な支援の実施回数(電話),legal_report,active,○,必須入力項目,数字,INT,EVN,OBS,EVN,,,
実施上の集計情報,1739,1042010050,継続的な支援の実施回数(電話),legal_report,motivational_equivalent,△,情報を入手した場合に入力,数字,INT,EVN,OBS,EVN,,,
実施上の集計情報,1740,1042020050,継続的な支援の合計実施時間(電話),second_claim,active,○,必須入力項目,数字,PQ,EVN,OBS,EVN,min,,
実施上の集計情報,1740,1042020050,継続的な支援の合計実施時間(電話),second_claim,motivational_equivalent,△,情報を入手した場合に入力,数字,PQ,EVN,OBS,EVN,min,,
実施上の集計情報,1740,1042020050,継続的な支援の合計実施時間(電話),legal_report,active,○,必須入力項目,数字,PQ,EVN,OBS,EVN,min,,
実施上の集計情報,1740,1042020050,継続的な支援の合計実施時間(電話),legal_report,motivational_equivalent,△,情報を入手した場合に入力,数字,PQ,EVN,OBS,EVN,min,,
実施上の集計情報,1741,1042010060,継続的な支援の実施回数(電子メール等),second_claim,active,○,必須入力項目,数字,INT,EVN,OBS,EVN,,,
実施上の集計情報,1741,1042010060,継続的な支援の実施回数(電子メール等),second_claim,motivational_equivalent,△,情報を入手した場合に入力,数字,INT,EVN,OBS,EVN,,,
実施上の集計情報,1741,1042010060,継続的な支援の実施回数(電子メール等),legal_report,active,○,必須入力項目,数字,INT,EVN,OBS,EVN,,,
実施上の集計情報,1741,1042010060,継続的な支援の実施回数(電子メール等),legal_report,motivational_equivalent,△,情報を入手した場合に入力,数字,INT,EVN,OBS,EVN,,,
実施上の集計情報,1742,1042010070,継続的なポイント(プロセス評価の合計),second_claim,active,○,必須入力項目,数字,INT,EVN,OBS,EVN,,,"自動計算(1731+1733+1735+1737+1739+1741) 自動計算定義表を参照。"
実施上の集計情報,1742,1042010070,継続的なポイント(プロセス評価の合計),second_claim,motivational_equivalent,△,情報を入手した場合に入力,数字,INT,EVN,OBS,EVN,,,"自動計算(1731+1733+1735+1737+1739+1741) 自動計算定義表を参照。"
実施上の集計情報,1742,1042010070,継続的なポイント(プロセス評価の合計),legal_report,active,○,必須入力項目,数字,INT,EVN,OBS,EVN,,,"自動計算(1731+1733+1735+1737+1739+1741) 自動計算定義表を参照。"
実施上の集計情報,1742,1042010070,継続的なポイント(プロセス評価の合計),legal_report,motivational_equivalent,△,情報を入手した場合に入力,数字,INT,EVN,OBS,EVN,,,"自動計算(1731+1733+1735+1737+1739+1741) 自動計算定義表を参照。"
実施上の集計情報,1743,1042010080,ポイント(合計),second_claim,active,○,必須入力項目,数字,INT,EVN,OBS,EVN,,,"自動計算(1303+1615+1742) 自動計算定義表を参照。"
実施上の集計情報,1743,1042010080,ポイント(合計),second_claim,motivational_equivalent,△,情報を入手した場合に入力,数字,INT,EVN,OBS,EVN,,,"自動計算(1303+1615+1742) 自動計算定義表を参照。"
実施上の集計情報,1743,1042010080,ポイント(合計),legal_report,active,○,必須入力項目,数字,INT,EVN,OBS,EVN,,,"自動計算(1303+1615+1742) 自動計算定義表を参照。"
実施上の集計情報,1743,1042010080,ポイント(合計),legal_report,motivational_equivalent,△,情報を入手した場合に入力,数字,INT,EVN,OBS,EVN,,,"自動計算(1303+1615+1742) 自動計算定義表を参照。"
実施上の集計情報,1744,1042800118,禁煙指導の実施回数,second_claim,active,△,情報を入手した場合に入力,数字,INT,EVN,OBS,EVN,,,
実施上の集計情報,1744,1042800118,禁煙指導の実施回数,second_claim,motivational_equivalent,△,情報を入手した場合に入力,数字,INT,EVN,OBS,EVN,,,
実施上の集計情報,1744,1042800118,禁煙指導の実施回数,legal_report,active,△,情報を入手した場合に入力,数字,INT,EVN,OBS,EVN,,,
実施上の集計情報,1744,1042800118,禁煙指導の実施回数,legal_report,motivational_equivalent,△,情報を入手した場合に入力,数字,INT,EVN,OBS,EVN,,,
指導機関情報,1811,1042000081,保健指導機関番号(1),legal_report,motivational,○,必須入力項目,数字,,,,,,,
指導機関情報,1811,1042000081,保健指導機関番号(1),legal_report,active,○,必須入力項目,数字,,,,,,,
指導機関情報,1811,1042000081,保健指導機関番号(1),legal_report,motivational_equivalent,○,必須入力項目,数字,,,,,,,
指導機関情報,1812,1042000082,保健指導機関名(1),legal_report,motivational,○,必須入力項目,漢字,,,,,,,
指導機関情報,1812,1042000082,保健指導機関名(1),legal_report,active,○,必須入力項目,漢字,,,,,,,
指導機関情報,1812,1042000082,保健指導機関名(1),legal_report,motivational_equivalent,○,必須入力項目,漢字,,,,,,,
指導機関情報,1813,1042000085,主対応内容(1),legal_report,motivational,○,必須入力項目,コード,,,,,1.2.392.200119.6.24010,"1:個別支援（対面） 2:個別支援（遠隔） 3:グループ支援（対面） 4:グループ支援（遠隔） 5:電話 6:電子メール等 ※5と6は初回面接(分割して実施した場合は1回目)は入力不可能",
指導機関情報,1813,1042000085,主対応内容(1),legal_report,active,○,必須入力項目,コード,,,,,1.2.392.200119.6.24010,"1:個別支援（対面） 2:個別支援（遠隔） 3:グループ支援（対面） 4:グループ支援（遠隔） 5:電話 6:電子メール等 ※5と6は初回面接(分割して実施した場合は1回目)は入力不可能",
指導機関情報,1813,1042000085,主対応内容(1),legal_report,motivational_equivalent,○,必須入力項目,コード,,,,,1.2.392.200119.6.24010,"1:個別支援（対面） 2:個別支援（遠隔） 3:グループ支援（対面） 4:グループ支援（遠隔） 5:電話 6:電子メール等 ※5と6は初回面接(分割して実施した場合は1回目)は入力不可能",
指導機関情報,1814,1042000086,実施内容(1),legal_report,motivational,○,必須入力項目,コード,,,,,1.2.392.200119.6.18150,"1:初回面接（分割実施以外） 2:初回面接① 3:初回面接② 4:中間評価 5:継続的支援 6:実績評価",
指導機関情報,1814,1042000086,実施内容(1),legal_report,active,○,必須入力項目,コード,,,,,1.2.392.200119.6.18150,"1:初回面接（分割実施以外） 2:初回面接① 3:初回面接② 4:中間評価 5:継続的支援 6:実績評価",
指導機関情報,1814,1042000086,実施内容(1),legal_report,motivational_equivalent,○,必須入力項目,コード,,,,,1.2.392.200119.6.18150,"1:初回面接（分割実施以外） 2:初回面接① 3:初回面接② 4:中間評価 5:継続的支援 6:実績評価",
指導機関情報,1821,1042000081,保健指導機関番号(2),legal_report,motivational,○,必須入力項目,数字,,,,,,,
指導機関情報,1821,1042000081,保健指導機関番号(2),legal_report,active,○,必須入力項目,数字,,,,,,,
指導機関情報,1821,1042000081,保健指導機関番号(2),legal_report,motivational_equivalent,○,必須入力項目,数字,,,,,,,
指導機関情報,1822,1042000082,保健指導機関名(2),legal_report,motivational,○,必須入力項目,漢字,,,,,,,
指導機関情報,1822,1042000082,保健指導機関名(2),legal_report,active,○,必須入力項目,漢字,,,,,,,
指導機関情報,1822,1042000082,保健指導機関名(2),legal_report,motivational_equivalent,○,必須入力項目,漢字,,,,,,,
指導機関情報,1823,1042000085,主対応内容(2),legal_report,motivational,○,必須入力項目,コード,,,,,1.2.392.200119.6.24010,"1:個別支援（対面） 2:個別支援（遠隔） 3:グループ支援（対面） 4:グループ支援（遠隔） 5:電話 6:電子メール等 ※5と6は初回面接(分割して実施した場合は1回目)は入力不可能",
指導機関情報,1823,1042000085,主対応内容(2),legal_report,active,○,必須入力項目,コード,,,,,1.2.392.200119.6.24010,"1:個別支援（対面） 2:個別支援（遠隔） 3:グループ支援（対面） 4:グループ支援（遠隔） 5:電話 6:電子メール等 ※5と6は初回面接(分割して実施した場合は1回目)は入力不可能",
指導機関情報,1823,1042000085,主対応内容(2),legal_report,motivational_equivalent,○,必須入力項目,コード,,,,,1.2.392.200119.6.24010,"1:個別支援（対面） 2:個別支援（遠隔） 3:グループ支援（対面） 4:グループ支援（遠隔） 5:電話 6:電子メール等 ※5と6は初回面接(分割して実施した場合は1回目)は入力不可能",
指導機関情報,1824,1042000086,実施内容(2),legal_report,motivational,○,必須入力項目,コード,,,,,1.2.392.200119.6.18150,"1:初回面接（分割実施以外） 2:初回面接① 3:初回面接② 4:中間評価 5:継続的支援 6:実績評価",
指導機関情報,1824,1042000086,実施内容(2),legal_report,active,○,必須入力項目,コード,,,,,1.2.392.200119.6.18150,"1:初回面接（分割実施以外） 2:初回面接① 3:初回面接② 4:中間評価 5:継続的支援 6:実績評価",
指導機関情報,1824,1042000086,実施内容(2),legal_report,motivational_equivalent,○,必須入力項目,コード,,,,,1.2.392.200119.6.18150,"1:初回面接（分割実施以外） 2:初回面接① 3:初回面接② 4:中間評価 5:継続的支援 6:実績評価",
指導機関情報,1831,1042000081,保健指導機関番号(3),legal_report,motivational,○,必須入力項目,数字,,,,,,,
指導機関情報,1831,1042000081,保健指導機関番号(3),legal_report,active,○,必須入力項目,数字,,,,,,,
指導機関情報,1831,1042000081,保健指導機関番号(3),legal_report,motivational_equivalent,○,必須入力項目,数字,,,,,,,
指導機関情報,1832,1042000082,保健指導機関名(3),legal_report,motivational,○,必須入力項目,漢字,,,,,,,
指導機関情報,1832,1042000082,保健指導機関名(3),legal_report,active,○,必須入力項目,漢字,,,,,,,
指導機関情報,1832,1042000082,保健指導機関名(3),legal_report,motivational_equivalent,○,必須入力項目,漢字,,,,,,,
指導機関情報,1833,1042000085,主対応内容(3),legal_report,motivational,○,必須入力項目,コード,,,,,1.2.392.200119.6.24010,"1:個別支援（対面） 2:個別支援（遠隔） 3:グループ支援（対面） 4:グループ支援（遠隔） 5:電話 6:電子メール等 ※5と6は初回面接(分割して実施した場合は1回目)は入力不可能",
指導機関情報,1833,1042000085,主対応内容(3),legal_report,active,○,必須入力項目,コード,,,,,1.2.392.200119.6.24010,"1:個別支援（対面） 2:個別支援（遠隔） 3:グループ支援（対面） 4:グループ支援（遠隔） 5:電話 6:電子メール等 ※5と6は初回面接(分割して実施した場合は1回目)は入力不可能",
指導機関情報,1833,1042000085,主対応内容(3),legal_report,motivational_equivalent,○,必須入力項目,コード,,,,,1.2.392.200119.6.24010,"1:個別支援（対面） 2:個別支援（遠隔） 3:グループ支援（対面） 4:グループ支援（遠隔） 5:電話 6:電子メール等 ※5と6は初回面接(分割して実施した場合は1回目)は入力不可能",
指導機関情報,1834,1042000086,実施内容(3),legal_report,motivational,○,必須入力項目,コード,,,,,1.2.392.200119.6.18150,"1:初回面接（分割実施以外） 2:初回面接① 3:初回面接② 4:中間評価 5:継続的支援 6:実績評価",
指導機関情報,1834,1042000086,実施内容(3),legal_report,active,○,必須入力項目,コード,,,,,1.2.392.200119.6.18150,"1:初回面接（分割実施以外） 2:初回面接① 3:初回面接② 4:中間評価 5:継続的支援 6:実績評価",
指導機関情報,1834,1042000086,実施内容(3),legal_report,motivational_equivalent,○,必須入力項目,コード,,,,,1.2.392.200119.6.18150,"1:初回面接（分割実施以外） 2:初回面接① 3:初回面接② 4:中間評価 5:継続的支援 6:実績評価",
指導機関情報,1841,1042000081,保健指導機関番号(4),legal_report,motivational,○,必須入力項目,数字,,,,,,,
指導機関情報,1841,1042000081,保健指導機関番号(4),legal_report,active,○,必須入力項目,数字,,,,,,,
指導機関情報,1841,1042000081,保健指導機関番号(4),legal_report,motivational_equivalent,○,必須入力項目,数字,,,,,,,
指導機関情報,1842,1042000082,保健指導機関名(4),legal_report,motivational,○,必須入力項目,漢字,,,,,,,
指導機関情報,1842,1042000082,保健指導機関名(4),legal_report,active,○,必須入力項目,漢字,,,,,,,
指導機関情報,1842,1042000082,保健指導機関名(4),legal_report,motivational_equivalent,○,必須入力項目,漢字,,,,,,,
指導機関情報,1843,1042000085,主対応内容(4),legal_report,motivational,○,必須入力項目,コード,,,,,1.2.392.200119.6.24010,"1:個別支援（対面） 2:個別支援（遠隔） 3:グループ支援（対面） 4:グループ支援（遠隔） 5:電話 6:電子メール等 ※5と6は初回面接(分割して実施した場合は1回目)は入力不可能",
指導機関情報,1843,1042000085,主対応内容(4),legal_report,active,○,必須入力項目,コード,,,,,1.2.392.200119.6.24010,"1:個別支援（対面） 2:個別支援（遠隔） 3:グループ支援（対面） 4:グループ支援（遠隔） 5:電話 6:電子メール等 ※5と6は初回面接(分割して実施した場合は1回目)は入力不可能",
指導機関情報,1843,1042000085,主対応内容(4),legal_report,motivational_equivalent,○,必須入力項目,コード,,,,,1.2.392.200119.6.24010,"1:個別支援（対面） 2:個別支援（遠隔） 3:グループ支援（対面） 4:グループ支援（遠隔） 5:電話 6:電子メール等 ※5と6は初回面接(分割して実施した場合は1回目)は入力不可能",
指導機関情報,1844,1042000086,実施内容(4),legal_report,motivational,○,必須入力項目,コード,,,,,1.2.392.200119.6.18150,"1:初回面接（分割実施以外） 2:初回面接① 3:初回面接② 4:中間評価 5:継続的支援 6:実績評価",
指導機関情報,1844,1042000086,実施内容(4),legal_report,active,○,必須入力項目,コード,,,,,1.2.392.200119.6.18150,"1:初回面接（分割実施以外） 2:初回面接① 3:初回面接② 4:中間評価 5:継続的支援 6:実績評価",
指導機関情報,1844,1042000086,実施内容(4),legal_report,motivational_equivalent,○,必須入力項目,コード,,,,,1.2.392.200119.6.18150,"1:初回面接（分割実施以外） 2:初回面接① 3:初回面接② 4:中間評価 5:継続的支援 6:実績評価",
指導機関情報,1851,1042000081,保健指導機関番号(5),legal_report,motivational,○,必須入力項目,数字,,,,,,,
指導機関情報,1851,1042000081,保健指導機関番号(5),legal_report,active,○,必須入力項目,数字,,,,,,,
指導機関情報,1851,1042000081,保健指導機関番号(5),legal_report,motivational_equivalent,○,必須入力項目,数字,,,,,,,
指導機関情報,1852,1042000082,保健指導機関名(5),legal_report,motivational,○,必須入力項目,漢字,,,,,,,
指導機関情報,1852,1042000082,保健指導機関名(5),legal_report,active,○,必須入力項目,漢字,,,,,,,
指導機関情報,1852,1042000082,保健指導機関名(5),legal_report,motivational_equivalent,○,必須入力項目,漢字,,,,,,,
指導機関情報,1853,1042000085,主対応内容(5),legal_report,motivational,○,必須入力項目,コード,,,,,1.2.392.200119.6.24010,"1:個別支援（対面） 2:個別支援（遠隔） 3:グループ支援（対面） 4:グループ支援（遠隔） 5:電話 6:電子メール等 ※5と6は初回面接(分割して実施した場合は1回目)は入力不可能",
指導機関情報,1853,1042000085,主対応内容(5),legal_report,active,○,必須入力項目,コード,,,,,1.2.392.200119.6.24010,"1:個別支援（対面） 2:個別支援（遠隔） 3:グループ支援（対面） 4:グループ支援（遠隔） 5:電話 6:電子メール等 ※5と6は初回面接(分割して実施した場合は1回目)は入力不可能",
指導機関情報,1853,1042000085,主対応内容(5),legal_report,motivational_equivalent,○,必須入力項目,コード,,,,,1.2.392.200119.6.24010,"1:個別支援（対面） 2:個別支援（遠隔） 3:グループ支援（対面） 4:グループ支援（遠隔） 5:電話 6:電子メール等 ※5と6は初回面接(分割して実施した場合は1回目)は入力不可能",
指導機関情報,1854,1042000086,実施内容(5),legal_report,motivational,○,必須入力項目,コード,,,,,1.2.392.200119.6.18150,"1:初回面接（分割実施以外） 2:初回面接① 3:初回面接② 4:中間評価 5:継続的支援 6:実績評価",
指導機関情報,1854,1042000086,実施内容(5),legal_report,active,○,必須入力項目,コード,,,,,1.2.392.200119.6.18150,"1:初回面接（分割実施以外） 2:初回面接① 3:初回面接② 4:中間評価 5:継続的支援 6:実績評価",
指導機関情報,1854,1042000086,実施内容(5),legal_report,motivational_equivalent,○,必須入力項目,コード,,,,,1.2.392.200119.6.18150,"1:初回面接（分割実施以外） 2:初回面接① 3:初回面接② 4:中間評価 5:継続的支援 6:実績評価",
指導機関情報,1861,1042000081,保健指導機関番号(6),legal_report,motivational,○,必須入力項目,数字,,,,,,,
指導機関情報,1861,1042000081,保健指導機関番号(6),legal_report,active,○,必須入力項目,数字,,,,,,,
指導機関情報,1861,1042000081,保健指導機関番号(6),legal_report,motivational_equivalent,○,必須入力項目,数字,,,,,,,
指導機関情報,1862,1042000082,保健指導機関名(6),legal_report,motivational,○,必須入力項目,漢字,,,,,,,
指導機関情報,1862,1042000082,保健指導機関名(6),legal_report,active,○,必須入力項目,漢字,,,,,,,
指導機関情報,1862,1042000082,保健指導機関名(6),legal_report,motivational_equivalent,○,必須入力項目,漢字,,,,,,,
指導機関情報,1863,1042000085,主対応内容(6),legal_report,motivational,○,必須入力項目,コード,,,,,1.2.392.200119.6.24010,"1:個別支援（対面） 2:個別支援（遠隔） 3:グループ支援（対面） 4:グループ支援（遠隔） 5:電話 6:電子メール等 ※5と6は初回面接(分割して実施した場合は1回目)は入力不可能",
指導機関情報,1863,1042000085,主対応内容(6),legal_report,active,○,必須入力項目,コード,,,,,1.2.392.200119.6.24010,"1:個別支援（対面） 2:個別支援（遠隔） 3:グループ支援（対面） 4:グループ支援（遠隔） 5:電話 6:電子メール等 ※5と6は初回面接(分割して実施した場合は1回目)は入力不可能",
指導機関情報,1863,1042000085,主対応内容(6),legal_report,motivational_equivalent,○,必須入力項目,コード,,,,,1.2.392.200119.6.24010,"1:個別支援（対面） 2:個別支援（遠隔） 3:グループ支援（対面） 4:グループ支援（遠隔） 5:電話 6:電子メール等 ※5と6は初回面接(分割して実施した場合は1回目)は入力不可能",
指導機関情報,1864,1042000086,実施内容(6),legal_report,motivational,○,必須入力項目,コード,,,,,1.2.392.200119.6.18150,"1:初回面接（分割実施以外） 2:初回面接① 3:初回面接② 4:中間評価 5:継続的支援 6:実績評価",
指導機関情報,1864,1042000086,実施内容(6),legal_report,active,○,必須入力項目,コード,,,,,1.2.392.200119.6.18150,"1:初回面接（分割実施以外） 2:初回面接① 3:初回面接② 4:中間評価 5:継続的支援 6:実績評価",
指導機関情報,1864,1042000086,実施内容(6),legal_report,motivational_equivalent,○,必須入力項目,コード,,,,,1.2.392.200119.6.18150,"1:初回面接（分割実施以外） 2:初回面接① 3:初回面接② 4:中間評価 5:継続的支援 6:実績評価",
指導機関情報,1871,1042000081,保健指導機関番号(7),legal_report,motivational,○,必須入力項目,数字,,,,,,,
指導機関情報,1871,1042000081,保健指導機関番号(7),legal_report,active,○,必須入力項目,数字,,,,,,,
指導機関情報,1871,1042000081,保健指導機関番号(7),legal_report,motivational_equivalent,○,必須入力項目,数字,,,,,,,
指導機関情報,1872,1042000082,保健指導機関名(7),legal_report,motivational,○,必須入力項目,漢字,,,,,,,
指導機関情報,1872,1042000082,保健指導機関名(7),legal_report,active,○,必須入力項目,漢字,,,,,,,
指導機関情報,1872,1042000082,保健指導機関名(7),legal_report,motivational_equivalent,○,必須入力項目,漢字,,,,,,,
指導機関情報,1873,1042000085,主対応内容(7),legal_report,motivational,○,必須入力項目,コード,,,,,1.2.392.200119.6.24010,"1:個別支援（対面） 2:個別支援（遠隔） 3:グループ支援（対面） 4:グループ支援（遠隔） 5:電話 6:電子メール等 ※5と6は初回面接(分割して実施した場合は1回目)は入力不可能",
指導機関情報,1873,1042000085,主対応内容(7),legal_report,active,○,必須入力項目,コード,,,,,1.2.392.200119.6.24010,"1:個別支援（対面） 2:個別支援（遠隔） 3:グループ支援（対面） 4:グループ支援（遠隔） 5:電話 6:電子メール等 ※5と6は初回面接(分割して実施した場合は1回目)は入力不可能",
指導機関情報,1873,1042000085,主対応内容(7),legal_report,motivational_equivalent,○,必須入力項目,コード,,,,,1.2.392.200119.6.24010,"1:個別支援（対面） 2:個別支援（遠隔） 3:グループ支援（対面） 4:グループ支援（遠隔） 5:電話 6:電子メール等 ※5と6は初回面接(分割して実施した場合は1回目)は入力不可能",
指導機関情報,1874,1042000086,実施内容(7),legal_report,motivational,○,必須入力項目,コード,,,,,1.2.392.200119.6.18150,"1:初回面接（分割実施以外） 2:初回面接① 3:初回面接② 4:中間評価 5:継続的支援 6:実績評価",
指導機関情報,1874,1042000086,実施内容(7),legal_report,active,○,必須入力項目,コード,,,,,1.2.392.200119.6.18150,"1:初回面接（分割実施以外） 2:初回面接① 3:初回面接② 4:中間評価 5:継続的支援 6:実績評価",
指導機関情報,1874,1042000086,実施内容(7),legal_report,motivational_equivalent,○,必須入力項目,コード,,,,,1.2.392.200119.6.18150,"1:初回面接（分割実施以外） 2:初回面接① 3:初回面接② 4:中間評価 5:継続的支援 6:実績評価",
指導機関情報,1881,1042000081,保健指導機関番号(8),legal_report,motivational,○,必須入力項目,数字,,,,,,,
指導機関情報,1881,1042000081,保健指導機関番号(8),legal_report,active,○,必須入力項目,数字,,,,,,,
指導機関情報,1881,1042000081,保健指導機関番号(8),legal_report,motivational_equivalent,○,必須入力項目,数字,,,,,,,
指導機関情報,1882,1042000082,保健指導機関名(8),legal_report,motivational,○,必須入力項目,漢字,,,,,,,
指導機関情報,1882,1042000082,保健指導機関名(8),legal_report,active,○,必須入力項目,漢字,,,,,,,
指導機関情報,1882,1042000082,保健指導機関名(8),legal_report,motivational_equivalent,○,必須入力項目,漢字,,,,,,,
指導機関情報,1883,1042000085,主対応内容(8),legal_report,motivational,○,必須入力項目,コード,,,,,1.2.392.200119.6.24010,"1:個別支援（対面） 2:個別支援（遠隔） 3:グループ支援（対面） 4:グループ支援（遠隔） 5:電話 6:電子メール等 ※5と6は初回面接(分割して実施した場合は1回目)は入力不可能",
指導機関情報,1883,1042000085,主対応内容(8),legal_report,active,○,必須入力項目,コード,,,,,1.2.392.200119.6.24010,"1:個別支援（対面） 2:個別支援（遠隔） 3:グループ支援（対面） 4:グループ支援（遠隔） 5:電話 6:電子メール等 ※5と6は初回面接(分割して実施した場合は1回目)は入力不可能",
指導機関情報,1883,1042000085,主対応内容(8),legal_report,motivational_equivalent,○,必須入力項目,コード,,,,,1.2.392.200119.6.24010,"1:個別支援（対面） 2:個別支援（遠隔） 3:グループ支援（対面） 4:グループ支援（遠隔） 5:電話 6:電子メール等 ※5と6は初回面接(分割して実施した場合は1回目)は入力不可能",
指導機関情報,1884,1042000086,実施内容(8),legal_report,motivational,○,必須入力項目,コード,,,,,1.2.392.200119.6.18150,"1:初回面接（分割実施以外） 2:初回面接① 3:初回面接② 4:中間評価 5:継続的支援 6:実績評価",
指導機関情報,1884,1042000086,実施内容(8),legal_report,active,○,必須入力項目,コード,,,,,1.2.392.200119.6.18150,"1:初回面接（分割実施以外） 2:初回面接① 3:初回面接② 4:中間評価 5:継続的支援 6:実績評価",
指導機関情報,1884,1042000086,実施内容(8),legal_report,motivational_equivalent,○,必須入力項目,コード,,,,,1.2.392.200119.6.18150,"1:初回面接（分割実施以外） 2:初回面接① 3:初回面接② 4:中間評価 5:継続的支援 6:実績評価",

計画上の集計情報,1713,1041010080,計画上のポイント(合計),second_claim,active,○,必須入力項目,数字,INT,INT,OBS,INT,,,"自動計算(1303+1345+1712) 自動計算定義表を参照。"
計画上の集計情報,1713,1041010080,計画上のポイント(合計),second_claim,motivational_equivalent,△,情報を入手した場合に入力,数字,INT,INT,OBS,INT,,,"自動計算(1303+1345+1712) 自動計算定義表を参照。"