項目名,項目コード（17桁）,項目コードOID,表示用単位,XML用単位,XMLデータ型,結果コードOID,検査方法,区分名称,データタイプ,XML検査方法コード,XPathテンプレ,値の取得方法,nullFlavor許容,重要度,重要度グループ,備考,更新種別,更新理由,最終更新日
20歳からの体重変化,9N741000000000011,1.2.392.200119.6.1005,,,CD,1.2.392.200119.6.2003,,質問票,コード,,//cda:observation[ cda:code/@code='9N741000000000011' and cda:code/@codeSystem='1.2.392.200119.6.1005']/cda:value,@code,False,,,,更新,"差分: 値の取得方法,XPathテンプレ",2025-08-20
30分以上の運動習慣,9N746000000000011,1.2.392.200119.6.1005,,,CD,1.2.392.200119.6.2003,,質問票,コード,,//cda:observation[ cda:code/@code='9N746000000000011' and cda:code/@codeSystem='1.2.392.200119.6.1005']/cda:value,@code,False,,,,更新,"差分: 値の取得方法,XPathテンプレ",2025-08-20
A/G,3A016000002327102,1.2.392.200119.6.1005,,,PQ,,,生化学検査,数字,,,,,,,,変更なし,,2025-08-20
ALP,3B070000002327101,1.2.392.200119.6.1005,U/l,U/L,PQ,,1：可視吸光光度法(JSCC標準化対応法),生化学検査,数字,3B07010000,,,,,,,変更なし,,2025-08-20
ALP,3B070000002327501,1.2.392.200119.6.1005,U/l,U/L,PQ,,2：IFCC対応法(改定JSCC標準化対応法),生化学検査,数字,3B07020000,,,,,,,変更なし,,2025-08-20
ALP,3B070000002399901,1.2.392.200119.6.1005,U/l,U/L,PQ,,3：その他,生化学検査,数字,3B07030009,,,,,,,変更なし,,2025-08-20
ALT(GPT),3B045000002327201,1.2.392.200119.6.1005,U/l,U/L,PQ,,1：紫外吸光光度法(JSCC標準化対応法),生化学検査,数字,3B04510000,//cda:observation[ cda:code/@code='3B045000002327201' and cda:code/@codeSystem='1.2.392.200119.6.1005']/cda:value,@value,False,,,,更新,"差分: 値の取得方法,XPathテンプレ",2025-08-20
ALT(GPT),3B045000002399901,1.2.392.200119.6.1005,U/l,U/L,PQ,,2：その他,生化学検査,数字,3B04520009,,,,,,,変更なし,,2025-08-20
AST(GOT),3B035000002327201,1.2.392.200119.6.1005,U/l,U/L,PQ,,1：紫外吸光光度法(JSCC標準化対応法),生化学検査,数字,3B03510000,//cda:observation[ cda:code/@code='3B035000002327201' and cda:code/@codeSystem='1.2.392.200119.6.1005']/cda:value,@value,False,,,,更新,"差分: 値の取得方法,XPathテンプレ",2025-08-20
AST(GOT),3B035000002399901,1.2.392.200119.6.1005,U/l,U/L,PQ,,2：その他,生化学検査,数字,3B03520009,,,,,,,変更なし,,2025-08-20
BMI,9N011000000000001,1.2.392.200119.6.1005,kg/m2,kg/m2,PQ,,,身体計測,数字,,//cda:observation[ cda:code/@code='9N011000000000001' and cda:code/@codeSystem='1.2.392.200119.6.1005']/cda:value,@value,False,推奨,,,変更なし,,2025-08-20
CRP,5C070000002306201,1.2.392.200119.6.1005,mg/dl,mg/dL,PQ,,1：可視吸光光度法(ラテックス凝集比濁法),その他医療保険者等が任意に行う検査,数字,5C07010000,,,,,,,変更なし,,2025-08-20
CRP,5C070000002306301,1.2.392.200119.6.1005,mg/dl,mg/dL,PQ,,2：可視吸光光度法(免役比濁法),その他医療保険者等が任意に行う検査,数字,5C07020000,,,,,,,変更なし,,2025-08-20
CRP,5C070000002399901,1.2.392.200119.6.1005,mg/dl,mg/dL,PQ,,3：その他,その他医療保険者等が任意に行う検査,数字,5C07030009,,,,,,,変更なし,,2025-08-20
C型肝炎ウイルス検診の判定,9N401000000000011,1.2.392.200119.6.1005,,,CD,1.2.392.200119.6.2150,,その他医療保険者等が任意に行う検査,コード,,,,,,,,変更なし,,2025-08-20
HBs抗原,5F016141002399811,1.2.392.200119.6.1005,,,CD,1.2.392.200119.6.2100,方法問わず,その他医療保険者等が任意に行う検査,コード,,,,,,,,変更なし,,2025-08-20
HCV抗体,5F360149502399811,1.2.392.200119.6.1005,,,CD,1.2.392.200119.6.2100,方法問わず,その他医療保険者等が任意に行う検査,コード,,,,,,,,変更なし,,2025-08-20
HCV抗体(力価),5F360149702399811,1.2.392.200119.6.1005,,,CO,1.2.392.200119.6.2103,方法問わず,その他医療保険者等が任意に行う検査,コード,,,,,,,,変更なし,,2025-08-20
HCV抗原検査,5F360150002399811,1.2.392.200119.6.1005,,,CD,1.2.392.200119.6.2100,方法問わず,その他医療保険者等が任意に行う検査,コード,,,,,,,,変更なし,,2025-08-20
HCV核酸増幅検査,5F360145002399811,1.2.392.200119.6.1005,,,CD,1.2.392.200119.6.2100,方法問わず,その他医療保険者等が任意に行う検査,コード,,,,,,,,変更なし,,2025-08-20
HDLコレステロール,3F070000002327101,1.2.392.200119.6.1005,mg/dl,mg/dL,PQ,,1：可視吸光光度法(直接法(非沈殿法)),生化学検査,数字,3F07010000,//cda:observation[ cda:code/@code='3F070000002327101' and cda:code/@codeSystem='1.2.392.200119.6.1005']/cda:value,@value,False,必須,,,更新,"差分: 表示用単位,検査方法",2025-08-20
HDLコレステロール,3F070000002327201,1.2.392.200119.6.1005,mg/dl,mg/dL,PQ,,2：紫外吸光光度法(直接法(非沈殿法)),生化学検査,数字,3F07020000,//cda:observation[ cda:code/@code='3F070000002327201' and cda:code/@codeSystem='1.2.392.200119.6.1005']/cda:value,@value,False,必須,,,更新,"差分: XML検査方法コード,値の取得方法,XPathテンプレ",2025-08-20
HDLコレステロール,3F070000002399901,1.2.392.200119.6.1005,mg/dl,mg/dL,PQ,,3：その他,生化学検査,数字,3F07030009,//cda:observation[ cda:code/@code='3F070000002399901' and cda:code/@codeSystem='1.2.392.200119.6.1005']/cda:value,@value,False,必須,,,更新,"差分: XML検査方法コード,値の取得方法,XPathテンプレ",2025-08-20
HbA1c(NGSP値),3D046000001906202,1.2.392.200119.6.1005,%,%,PQ,,1：免疫学的方法(ラテックス凝集比濁法等),血糖検査,数字,3D04610000,//cda:observation[ cda:code/@code='3D046000001906202' and cda:code/@codeSystem='1.2.392.200119.6.1005']/cda:value,@value,False,必須,,,更新,"差分: XML検査方法コード,値の取得方法,XPathテンプレ",2025-08-20
HbA1c(NGSP値),3D046000001920402,1.2.392.200119.6.1005,%,%,PQ,,2：HPLC(不安定分画除去HPLC法),血糖検査,数字,3D04620000,//cda:observation[ cda:code/@code='3D046000001920402' and cda:code/@codeSystem='1.2.392.200119.6.1005']/cda:value,@value,False,必須,,,変更なし,,2025-08-20
HbA1c(NGSP値),3D046000001927102,1.2.392.200119.6.1005,%,%,PQ,,3：酵素法,血糖検査,数字,3D04630000,//cda:observation[ cda:code/@code='3D046000001927102' and cda:code/@codeSystem='1.2.392.200119.6.1005']/cda:value,@value,False,必須,,,更新,"差分: XML検査方法コード,値の取得方法,XPathテンプレ",2025-08-20
HbA1c(NGSP値),3D046000001999902,1.2.392.200119.6.1005,%,%,PQ,,4：その他,血糖検査,数字,3D04640009,//cda:observation[ cda:code/@code='3D046000001999902' and cda:code/@codeSystem='1.2.392.200119.6.1005']/cda:value,@value,False,必須,,,更新,"差分: XML検査方法コード,値の取得方法,XPathテンプレ",2025-08-20
LD,3B050000002327201,1.2.392.200119.6.1005,U/l,U/L,PQ,,1：可視吸光光度法(JSCC標準化対応法),生化学検査,数字,3B05010000,,,,,,,変更なし,,2025-08-20
LD,3B050000002327901,1.2.392.200119.6.1005,U/l,U/L,PQ,,2：IFCC対応法(改定JSCC標準化対応法),生化学検査,数字,3B05020000,,,,,,,変更なし,,2025-08-20
LD,3B050000002399901,1.2.392.200119.6.1005,U/l,U/L,PQ,,3：その他,生化学検査,数字,3B05030009,,,,,,,変更なし,,2025-08-20
LDLコレステロール,3F077000002327101,1.2.392.200119.6.1005,mg/dl,mg/dL,PQ,,1：可視吸光光度法(直接法(非沈殿法)),生化学検査,数字,3F07710000,//cda:observation[ cda:code/@code='3F077000002327101' and cda:code/@codeSystem='1.2.392.200119.6.1005']/cda:value,@value,False,必須,,,更新,"差分: 表示用単位,検査方法",2025-08-20
LDLコレステロール,3F077000002327201,1.2.392.200119.6.1005,mg/dl,mg/dL,PQ,,2：紫外吸光光度法(直接法(非沈殿法)),生化学検査,数字,3F07720000,//cda:observation[ cda:code/@code='3F077000002327201' and cda:code/@codeSystem='1.2.392.200119.6.1005']/cda:value,@value,False,必須,,,更新,"差分: XML検査方法コード,値の取得方法,XPathテンプレ",2025-08-20
LDLコレステロール,3F077000002391901,1.2.392.200119.6.1005,mg/dl,mg/dL,PQ,,4：計算法,生化学検査,数字,3F07740009,//cda:observation[ cda:code/@code='3F077000002391901' and cda:code/@codeSystem='1.2.392.200119.6.1005']/cda:value,@value,False,必須,,,更新,"差分: XML検査方法コード,値の取得方法,XPathテンプレ",2025-08-20
LDLコレステロール,3F077000002399901,1.2.392.200119.6.1005,mg/dl,mg/dL,PQ,,3：その他,生化学検査,数字,3F07730009,//cda:observation[ cda:code/@code='3F077000002399901' and cda:code/@codeSystem='1.2.392.200119.6.1005']/cda:value,@value,False,必須,,,更新,"差分: XML検査方法コード,値の取得方法,XPathテンプレ",2025-08-20
MCH,2A070000001930101,1.2.392.200119.6.1005,pg,pg,PQ,,自動血球算定装置,血液像検査,数字,,,,,,,,変更なし,,2025-08-20
MCHC,2A080000001930101,1.2.392.200119.6.1005,%,%,PQ,,自動血球算定装置,血液像検査,数字,,,,,,,,変更なし,,2025-08-20
MCV,2A060000001930101,1.2.392.200119.6.1005,ｆｌ,fl,PQ,,自動血球算定装置,血液像検査,数字,,,,,,,,変更なし,,2025-08-20
Non-HDLコレステロール,3F069000002391901,1.2.392.200119.6.1005,mg/dl,mg/dL,PQ,,,生化学検査,数字,3F06910000,//cda:observation[ cda:code/@code='3F069000002391901' and cda:code/@codeSystem='1.2.392.200119.6.1005']/cda:value,@value,False,,,,更新,"差分: 値の取得方法,XPathテンプレ",2025-08-20
PSA(前立腺特異抗原),5D305000002399811,1.2.392.200119.6.1005,,,CD,1.2.392.200119.6.2100,方法問わず,がん検診・生体検査等,コード,,,,,,,,変更なし,,2025-08-20
eGFR,8A065000002391901,1.2.392.200119.6.1005,ml/min/1.73m2,ml/min/1.73m2,PQ,,,生化学検査,数字,8A06510000,//cda:observation[ cda:code/@code='8A065000002391901' and cda:code/@codeSystem='1.2.392.200119.6.1005']/cda:value,@value,False,,,,更新,"差分: 値の取得方法,XPathテンプレ",2025-08-20
γ-GT(γ-GTP),3B090000002327101,1.2.392.200119.6.1005,U/l,U/L,PQ,,1：可視吸光光度法(JSCC標準化対応法),生化学検査,数字,3B09010000,//cda:observation[ cda:code/@code='3B090000002327101' and cda:code/@codeSystem='1.2.392.200119.6.1005']/cda:value,@value,False,,,,更新,"差分: 値の取得方法,XPathテンプレ",2025-08-20
γ-GT(γ-GTP),3B090000002399901,1.2.392.200119.6.1005,U/l,U/L,PQ,,2：その他,生化学検査,数字,3B09020009,,,,,,,変更なし,,2025-08-20
あなたの現在の健康状態はいかがですか（後期）,9N932000000000011,1.2.392.200119.6.1005,,,CD,1.2.392.200119.6.19010,,後期質問票,コード,,,,,,,,変更なし,,2025-08-20
あなたはたばこを吸いますか（後期）,9N943000000000011,1.2.392.200119.6.1005,,,CD,1.2.392.200119.6.19120,,後期質問票,コード,,,,,,,,変更なし,,2025-08-20
お茶や汁物等でむせることがありますか（後期）,9N936000000000011,1.2.392.200119.6.1005,,,CD,1.2.392.200119.6.19050,,後期質問票,コード,,,,,,,,変更なし,,2025-08-20
この1年間に転んだことがありますか（後期）,9N939000000000011,1.2.392.200119.6.1005,,,CD,1.2.392.200119.6.19080,,後期質問票,コード,,,,,,,,変更なし,,2025-08-20
その他(家族歴等),9N071000000000049,1.2.392.200119.6.1005,,,ST,,,診察,文字列,,//cda:observation[ cda:code/@code='9N071000000000049' and cda:code/@codeSystem='1.2.392.200119.6.1005']/cda:value,text(),False,,,,更新,"差分: 値の取得方法,XPathテンプレ",2025-08-20
その他の検査,9N416000000000049,1.2.392.200119.6.1005,,,ST,,,その他医療保険者等が任意に行う検査,文字列,,,,,,,,変更なし,,2025-08-20
その他の法定検査,9N411000000000049,1.2.392.200119.6.1005,,,ST,,,その他医療保険者等が任意に行う検査,文字列,,,,,,,,変更なし,,2025-08-20
その他の法定特殊健康診断,9N406000000000049,1.2.392.200119.6.1005,,,ST,,,その他医療保険者等が任意に行う検査,文字列,,,,,,,,変更なし,,2025-08-20
ふだんから家族や友人と付き合いがありますか（後期）,9N945000000000011,1.2.392.200119.6.1005,,,CD,1.2.392.200119.6.19140,,後期質問票,コード,,,,,,,,変更なし,,2025-08-20
アルブミン,3A015000002327101,1.2.392.200119.6.1005,g/dl,g/dL,PQ,,1：可視吸光光度法(BCG法、BCP改良法),生化学検査,数字,3A01510000,,,,,,,変更なし,,2025-08-20
アルブミン,3A015000002399901,1.2.392.200119.6.1005,g/dl,g/dL,PQ,,2：その他,生化学検査,数字,3A01520009,,,,,,,変更なし,,2025-08-20
ウォーキング等の運動を週に1回以上していますか（後期）,9N940000000000011,1.2.392.200119.6.1005,,,CD,1.2.392.200119.6.19090,,後期質問票,コード,,,,,,,,変更なし,,2025-08-20
ヘマトクリット値,2A040000001930102,1.2.392.200119.6.1005,%,%,PQ,,自動血球算定装置,血液像検査,数字,,,,,,,,変更なし,,2025-08-20
ペプシノゲン,3B339000002399811,1.2.392.200119.6.1005,,,CD,1.2.392.200119.6.2100,方法問わず,がん検診・生体検査等,コード,,,,,,,,変更なし,,2025-08-20
メタボリックシンドローム判定,9N501000000000011,1.2.392.200119.6.1005,,,CD,1.2.392.200119.6.1008,,医師の判断,コード,,//cda:observation[ cda:code/@code='9N501000000000011' and cda:code/@codeSystem='1.2.392.200119.6.1005']/cda:value,@code,False,,,,更新,"差分: 値の取得方法,XPathテンプレ",2025-08-20
上部消化管内視鏡検査(所見),9N266160800000049,1.2.392.200119.6.1005,,,ST,,,がん検診・生体検査等,文字列,,,,,,,,変更なし,,2025-08-20
上部消化管内視鏡検査(所見の有無),9N266160700000011,1.2.392.200119.6.1005,,,CD,1.2.392.200119.6.2002,,がん検診・生体検査等,コード,,,,,,,,変更なし,,2025-08-20
上部消化管Ｘ線(直接撮影)(フィルム番号),9N256161200000049,1.2.392.200119.6.1005,,,ST,,,がん検診・生体検査等,文字列,,,,,,,,変更なし,,2025-08-20
上部消化管Ｘ線(直接撮影)(所見),9N256160800000049,1.2.392.200119.6.1005,,,ST,,,がん検診・生体検査等,文字列,,,,,,,,変更なし,,2025-08-20
上部消化管Ｘ線(直接撮影)(所見の有無),9N256160700000011,1.2.392.200119.6.1005,,,CD,1.2.392.200119.6.2002,,がん検診・生体検査等,コード,,,,,,,,変更なし,,2025-08-20
上部消化管Ｘ線(直接撮影)(撮影年月日),9N256161100000049,1.2.392.200119.6.1005,,,ST,,,がん検診・生体検査等,年月日,,//cda:observation[ cda:code/@code='9N256161100000049' and cda:code/@codeSystem='1.2.392.200119.6.1005']/(cda:value/@value|cda:effectiveTime/@value|  cda:effectiveTime/cda:low/@value|cda:effectiveTime/cda:high/@value),@value,True,推奨,,,変更なし,,2025-08-20
上部消化管Ｘ線(間接撮影)(フィルム番号),9N261161200000049,1.2.392.200119.6.1005,,,ST,,,がん検診・生体検査等,文字列,,,,,,,,変更なし,,2025-08-20
上部消化管Ｘ線(間接撮影)(所見),9N261160800000049,1.2.392.200119.6.1005,,,ST,,,がん検診・生体検査等,文字列,,,,,,,,変更なし,,2025-08-20
上部消化管Ｘ線(間接撮影)(所見の有無),9N261160700000011,1.2.392.200119.6.1005,,,CD,1.2.392.200119.6.2002,,がん検診・生体検査等,コード,,,,,,,,変更なし,,2025-08-20
上部消化管Ｘ線(間接撮影)(撮影年月日),9N261161100000049,1.2.392.200119.6.1005,,,ST,,,がん検診・生体検査等,年月日,,,,,,,,変更なし,,2025-08-20
乳房画像診断(マンモグラフィー)(所見),9N281160800000049,1.2.392.200119.6.1005,,,ST,,,がん検診・生体検査等,文字列,,,,,,,,変更なし,,2025-08-20
乳房画像診断(マンモグラフィー)(所見の有無),9N281160700000011,1.2.392.200119.6.1005,,,CD,1.2.392.200119.6.2002,,がん検診・生体検査等,コード,,,,,,,,変更なし,,2025-08-20
乳房視触診(所見),9N276160800000049,1.2.392.200119.6.1005,,,ST,,,がん検診・生体検査等,文字列,,,,,,,,変更なし,,2025-08-20
乳房視触診(所見の有無),9N276160700000011,1.2.392.200119.6.1005,,,CD,1.2.392.200119.6.2002,,がん検診・生体検査等,コード,,,,,,,,変更なし,,2025-08-20
乳房超音波検査(所見),9F140160800000049,1.2.392.200119.6.1005,,,ST,,,がん検診・生体検査等,文字列,,,,,,,,変更なし,,2025-08-20
乳房超音波検査(所見の有無),9F140160700000011,1.2.392.200119.6.1005,,,CD,1.2.392.200119.6.2002,,がん検診・生体検査等,コード,,,,,,,,変更なし,,2025-08-20
今日が何月何日かわからない時がありますか（後期）,9N942000000000011,1.2.392.200119.6.1005,,,CD,1.2.392.200119.6.19110,,後期質問票,コード,,,,,,,,変更なし,,2025-08-20
他覚症状,9N066000000000011,1.2.392.200119.6.1005,,,CD,1.2.392.200119.6.2001,,診察,コード,,//cda:observation[ cda:code/@code='9N066000000000011' and cda:code/@codeSystem='1.2.392.200119.6.1005']/cda:value,@code,False,,,,更新,"差分: 値の取得方法,XPathテンプレ",2025-08-20
他覚症状(所見),9N066160800000049,1.2.392.200119.6.1005,,,ST,,,診察,文字列,,,,,,,,変更なし,,2025-08-20
以前に比べて歩く速度が遅くなってきたと思いますか（後期）,9N938000000000011,1.2.392.200119.6.1005,,,CD,1.2.392.200119.6.19070,,後期質問票,コード,,,,,,,,変更なし,,2025-08-20
体調が悪いときに、身近に相談できる人がいますか（後期）,9N946000000000011,1.2.392.200119.6.1005,,,CD,1.2.392.200119.6.19150,,後期質問票,コード,,,,,,,,変更なし,,2025-08-20
体重,9N006000000000001,1.2.392.200119.6.1005,kg,kg,PQ,,,身体計測,数字,,//cda:observation[ cda:code/@code='9N006000000000001' and cda:code/@codeSystem='1.2.392.200119.6.1005']/cda:value,@value,False,必須,,,変更なし,,2025-08-20
便潜血,1B030000001599811,1.2.392.200119.6.1005,,,CD,1.2.392.200119.6.2100,方法問わず,がん検診・生体検査等,コード,,,,,,,,変更なし,,2025-08-20
保健指導レベル,9N506000000000011,1.2.392.200119.6.1005,,,CD,1.2.392.200119.6.3001,,医師の判断,コード,,//cda:observation[ cda:code/@code='9N506000000000011' and cda:code/@codeSystem='1.2.392.200119.6.1005']/cda:value,@code,False,,,,更新,"差分: 値の取得方法,XPathテンプレ",2025-08-20
保険者再確認　服薬1（血圧）,9N702167200000049,1.2.392.200119.6.1005,,,CD,1.2.392.200119.6.24020,,質問票,コード,,,,,,,,変更なし,,2025-08-20
保険者再確認　服薬2（血糖）,9N707167200000049,1.2.392.200119.6.1005,,,CD,1.2.392.200119.6.24020,,質問票,コード,,,,,,,,変更なし,,2025-08-20
保険者再確認　服薬3（脂質）,9N712167200000049,1.2.392.200119.6.1005,,,CD,1.2.392.200119.6.24020,,質問票,コード,,,,,,,,変更なし,,2025-08-20
健康診断を実施した医師の氏名,9N516000000000049,1.2.392.200119.6.1005,,,ST,,,医師の判断,文字列,,,,,,,,変更なし,,2025-08-20
健康診断を実施した歯科医師の氏名,9N536000000000049,1.2.392.200119.6.1005,,,ST,,,医師の判断,文字列,,,,,,,,変更なし,,2025-08-20
備考,9N551000000000049,1.2.392.200119.6.1005,,,ST,,,医師の判断,文字列,,,,,,,,変更なし,,2025-08-20
具体的な既往歴,9N056160400000049,1.2.392.200119.6.1005,,,ST,,,診察,文字列,,//cda:observation[ cda:code/@code='9N056160400000049' and cda:code/@codeSystem='1.2.392.200119.6.1005']/cda:value,text(),False,,,,更新,"差分: 値の取得方法,XPathテンプレ",2025-08-20
内臓脂肪面積,9N021000000000001,1.2.392.200119.6.1005,cm2,cm2,PQ,,,身体計測,数字,,,,,,,,変更なし,,2025-08-20
初回面接実施,9N807000000000011,1.2.392.200119.6.1005,,,CD,1.2.392.200119.6.18060,,初回面接,コード,,,,,,,,変更なし,,2025-08-20
医師の意見,9N521000000000049,1.2.392.200119.6.1005,,,ST,,,医師の判断,文字列,,,,,,,,変更なし,,2025-08-20
医師の診断(その他),9N641000000000049,1.2.392.200119.6.1005,,,ST,,,医師の判断,文字列,,,,,,,,変更なし,,2025-08-20
医師の診断(乳がん検診)(コード),9N601161300000011,1.2.392.200119.6.1005,,,CD,1.2.392.200119.6.2141,,医師の判断,コード,,,,,,,,変更なし,,2025-08-20
医師の診断(乳がん検診)(自由記載),9N601161400000049,1.2.392.200119.6.1005,,,ST,,,医師の判断,文字列,,,,,,,,変更なし,,2025-08-20
医師の診断(判定),9N511000000000049,1.2.392.200119.6.1005,,,ST,,,医師の判断,文字列,,//cda:observation[ cda:code/@code='9N511000000000049' and cda:code/@codeSystem='1.2.392.200119.6.1005']/cda:value,text(),False,,,,更新,"差分: 値の取得方法,XPathテンプレ",2025-08-20
医師の診断(判定)(生活機能評価),9N571000000000049,1.2.392.200119.6.1005,,,ST,,,医師の判断,文字列,,,,,,,,変更なし,,2025-08-20
医師の診断(前立腺がん検診)(コード),9N631161300000011,1.2.392.200119.6.1005,,,CD,1.2.392.200119.6.2141,,医師の判断,コード,,,,,,,,変更なし,,2025-08-20
医師の診断(前立腺がん検診)(自由記載),9N631161400000049,1.2.392.200119.6.1005,,,ST,,,医師の判断,文字列,,,,,,,,変更なし,,2025-08-20
医師の診断(大腸がん検診)(コード),9N621161300000011,1.2.392.200119.6.1005,,,CD,1.2.392.200119.6.2141,,医師の判断,コード,,,,,,,,変更なし,,2025-08-20
医師の診断(大腸がん検診)(自由記載),9N621161400000049,1.2.392.200119.6.1005,,,ST,,,医師の判断,文字列,,,,,,,,変更なし,,2025-08-20
医師の診断(子宮がん検診)(コード),9N611161300000011,1.2.392.200119.6.1005,,,CD,1.2.392.200119.6.2141,,医師の判断,コード,,,,,,,,変更なし,,2025-08-20
医師の診断(子宮がん検診)(自由記載),9N611161400000049,1.2.392.200119.6.1005,,,ST,,,医師の判断,文字列,,,,,,,,変更なし,,2025-08-20
医師の診断(肺がん検診)(コード),9N581161300000011,1.2.392.200119.6.1005,,,CD,1.2.392.200119.6.2141,,医師の判断,コード,,,,,,,,変更なし,,2025-08-20
医師の診断(肺がん検診)(自由記載),9N581161400000049,1.2.392.200119.6.1005,,,ST,,,医師の判断,文字列,,,,,,,,変更なし,,2025-08-20
医師の診断(胃がん検診)(コード),9N591161300000011,1.2.392.200119.6.1005,,,CD,1.2.392.200119.6.2141,,医師の判断,コード,,,,,,,,変更なし,,2025-08-20
医師の診断(胃がん検診)(自由記載),9N591161400000049,1.2.392.200119.6.1005,,,ST,,,医師の判断,文字列,,,,,,,,変更なし,,2025-08-20
半年前に比べて固いものが食べにくくなりましたか（後期）,9N935000000000011,1.2.392.200119.6.1005,,,CD,1.2.392.200119.6.19040,,後期質問票,コード,,,,,,,,変更なし,,2025-08-20
反復唾液嚥下テスト,9N091000000000001,1.2.392.200119.6.1005,回,{times},PQ,,,診察,数字,,,,,,,,変更なし,,2025-08-20
収縮期血圧(1回目),9A751000000000001,1.2.392.200119.6.1005,mmHg,mm[Hg],PQ,,1：1回目,血圧等,数字,9A75100000,//cda:observation[ cda:code/@code='9A751000000000001' and cda:code/@codeSystem='1.2.392.200119.6.1005']/cda:value,@value,False,必須,,,更新,"差分: 表示用単位,検査方法",2025-08-20
収縮期血圧(2回目),9A752000000000001,1.2.392.200119.6.1005,mmHg,mm[Hg],PQ,,2：2回目,血圧等,数字,9A75200000,//cda:observation[ cda:code/@code='9A752000000000001' and cda:code/@codeSystem='1.2.392.200119.6.1005']/cda:value,@value,False,,,,更新,"差分: 値の取得方法,XPathテンプレ",2025-08-20
収縮期血圧(その他),9A755000000000001,1.2.392.200119.6.1005,mmHg,mm[Hg],PQ,,3：その他,血圧等,数字,9A75500009,//cda:observation[ cda:code/@code='9A755000000000001' and cda:code/@codeSystem='1.2.392.200119.6.1005']/cda:value,@value,False,,,,更新,"差分: 値の取得方法,XPathテンプレ",2025-08-20
周りの人から「いつも同じことを聞く」などの物忘れがあると言われていますか（後期）,9N941000000000011,1.2.392.200119.6.1005,,,CD,1.2.392.200119.6.19100,,後期質問票,コード,,,,,,,,変更なし,,2025-08-20
咀嚼,9N872000000000011,1.2.392.200119.6.1005,,,CD,1.2.392.200119.6.18030,,質問票,コード,,//cda:observation[ cda:code/@code='9N872000000000011' and cda:code/@codeSystem='1.2.392.200119.6.1005']/cda:value,@code,False,,,,更新,"差分: 値の取得方法,XPathテンプレ",2025-08-20
喀痰検査 (塗抹鏡検 一般細菌)(所見),6A010160806170449,1.2.392.200119.6.1005,,,ST,,,がん検診・生体検査等,文字列,,,,,,,,変更なし,,2025-08-20
喀痰検査 (塗抹鏡検 一般細菌)(所見の有無),6A010160706170411,1.2.392.200119.6.1005,,,CD,1.2.392.200119.6.2002,,がん検診・生体検査等,コード,,,,,,,,変更なし,,2025-08-20
喀痰検査(ガフキー号数),6A205165606171711,1.2.392.200119.6.1005,,,CO,1.2.392.200119.6.2131,,がん検診・生体検査等,コード,,,,,,,,変更なし,,2025-08-20
喀痰検査(塗抹鏡検 抗酸菌),6A205000006171711,1.2.392.200119.6.1005,,,CO,1.2.392.200119.6.2102,,がん検診・生体検査等,コード,,,,,,,,変更なし,,2025-08-20
喀痰細胞診検査,7A010000006143311,1.2.392.200119.6.1005,,,CO,1.2.392.200119.6.2130,,がん検診・生体検査等,コード,,,,,,,,変更なし,,2025-08-20
喫煙,9N736000000000011,1.2.392.200119.6.1005,,,CD,1.2.392.200119.6.24060,,質問票,コード,,//cda:observation[ cda:code/@code='9N736000000000011' and cda:code/@codeSystem='1.2.392.200119.6.1005']/cda:value,@code,False,,,,更新,"差分: 値の取得方法,XPathテンプレ",2025-08-20
婦人科診察(所見),9N271160800000049,1.2.392.200119.6.1005,,,ST,,,がん検診・生体検査等,文字列,,,,,,,,変更なし,,2025-08-20
婦人科診察(所見の有無),9N271160700000011,1.2.392.200119.6.1005,,,CD,1.2.392.200119.6.2002,,がん検診・生体検査等,コード,,,,,,,,変更なし,,2025-08-20
子宮体部細胞診 (細胞診婦人科材料),7A022000008543311,1.2.392.200119.6.1005,,,CD,1.2.392.200119.6.2122,,がん検診・生体検査等,コード,,,,,,,,変更なし,,2025-08-20
子宮内診(所見),9N296160800000049,1.2.392.200119.6.1005,,,ST,,,がん検診・生体検査等,文字列,,,,,,,,変更なし,,2025-08-20
子宮内診(所見の有無),9N296160700000011,1.2.392.200119.6.1005,,,CD,1.2.392.200119.6.2002,,がん検診・生体検査等,コード,,,,,,,,変更なし,,2025-08-20
子宮頚部視診(所見),9N291160800000049,1.2.392.200119.6.1005,,,ST,,,がん検診・生体検査等,文字列,,,,,,,,変更なし,,2025-08-20
子宮頚部視診(所見の有無),9N291160700000011,1.2.392.200119.6.1005,,,CD,1.2.392.200119.6.2002,,がん検診・生体検査等,コード,,,,,,,,変更なし,,2025-08-20
子宮頸部細胞診 (細胞診婦人科材料)(ベセスダシステム2001),7A021165208543311,1.2.392.200119.6.1005,,,CD,1.2.392.200119.6.18100,,がん検診・生体検査等,コード,,,,,,,,変更なし,,2025-08-20
子宮頸部細胞診 (細胞診婦人科材料)(日母分類),7A021165008543311,1.2.392.200119.6.1005,,,CO,1.2.392.200119.6.2120,,がん検診・生体検査等,コード,,,,,,,,変更なし,,2025-08-20
尿中アルブミンクレアチニン補正値／アルブミン指数,3A015000000106128,1.2.392.200119.6.1005,mg/g･CR,mg/g*CR,PQ,,1：免疫比濁法（TIA）,尿検査,数字,3A01550000,,,,,,,変更なし,,2025-08-20
尿中アルブミンクレアチニン補正値／アルブミン指数,3A015000000199928,1.2.392.200119.6.1005,mg/g･CR,mg/g*CR,PQ,,2：その他,尿検査,数字,3A01560000,,,,,,,変更なし,,2025-08-20
尿中アルブミン一日量,3A015000000406126,1.2.392.200119.6.1005,mg/day,mg/day,PQ,,1：免疫比濁法（TIA）,尿検査,数字,3A01570000,,,,,,,変更なし,,2025-08-20
尿中アルブミン一日量,3A015000000499926,1.2.392.200119.6.1005,mg/day,mg/day,PQ,,2：その他,尿検査,数字,3A01580000,,,,,,,変更なし,,2025-08-20
尿中アルブミン定量,3A015000000106101,1.2.392.200119.6.1005,mg/L,mg/L,PQ,,1：免疫比濁法（TIA）（尿）,尿検査,数字,3A01510000,,,,,,,変更なし,,2025-08-20
尿中アルブミン定量,3A015000000199901,1.2.392.200119.6.1005,mg/L,mg/L,PQ,,2：その他（尿）,尿検査,数字,3A01520000,,,,,,,変更なし,,2025-08-20
尿中アルブミン定量,3A015000000406101,1.2.392.200119.6.1005,mg/L,mg/L,PQ,,3：免疫比濁法（TIA）（蓄尿）,尿検査,数字,3A01530000,,,,,,,変更なし,,2025-08-20
尿中アルブミン定量,3A015000000499901,1.2.392.200119.6.1005,mg/L,mg/L,PQ,,4：その他（蓄尿）,尿検査,数字,3A01540000,,,,,,,変更なし,,2025-08-20
尿比重,1A030000000190301,1.2.392.200119.6.1005,,,PQ,,1：屈折計法,尿検査,数字,1A03010000,,,,,,,変更なし,,2025-08-20
尿比重,1A030000000199901,1.2.392.200119.6.1005,,,PQ,,2：その他,尿検査,数字,1A03020009,,,,,,,変更なし,,2025-08-20
尿沈渣(所見),1A105160800166249,1.2.392.200119.6.1005,,,ST,,,尿検査,文字列,,,,,,,,変更なし,,2025-08-20
尿沈渣(所見の有無),1A105160700166211,1.2.392.200119.6.1005,,,CD,1.2.392.200119.6.2002,,尿検査,コード,,,,,,,,変更なし,,2025-08-20
尿潜血,1A100000000190111,1.2.392.200119.6.1005,,,CO,1.2.392.200119.6.2102,2：試験紙法(目視法),尿検査,コード,1A10020000,//cda:observation[ cda:code/@code='1A100000000190111' and cda:code/@codeSystem='1.2.392.200119.6.1005']/cda:value,@code,True,,,,更新,"差分: XML検査方法コード,値の取得方法,XPathテンプレ,nullFlavor許容",2025-08-20
尿潜血,1A100000000191111,1.2.392.200119.6.1005,,,CO,1.2.392.200119.6.2102,1：試験紙法(機械読み取り),尿検査,コード,1A10010000,//cda:observation[ cda:code/@code='1A100000000191111' and cda:code/@codeSystem='1.2.392.200119.6.1005']/cda:value,@code,True,,,,更新,"差分: 値の取得方法,XPathテンプレ,nullFlavor許容",2025-08-20
尿糖,1A020000000190111,1.2.392.200119.6.1005,,,CO,1.2.392.200119.6.2102,2：試験紙法(目視法),尿検査,コード,1A02020000,//cda:observation[ cda:code/@code='1A020000000190111' and cda:code/@codeSystem='1.2.392.200119.6.1005']/cda:value,@code,True,,,,更新,"差分: XML検査方法コード,値の取得方法,XPathテンプレ,nullFlavor許容",2025-08-20
尿糖,1A020000000191111,1.2.392.200119.6.1005,,,CO,1.2.392.200119.6.2102,1：試験紙法(機械読み取り),尿検査,コード,1A02010000,//cda:observation[ cda:code/@code='1A020000000191111' and cda:code/@codeSystem='1.2.392.200119.6.1005']/cda:value,@code,True,推奨,,,更新,差分: XPathテンプレ,2025-08-20
尿蛋白,1A010000000190111,1.2.392.200119.6.1005,,,CO,1.2.392.200119.6.2102,2：試験紙法(目視法),尿検査,コード,1A01020000,//cda:observation[ cda:code/@code='1A010000000190111' and cda:code/@codeSystem='1.2.392.200119.6.1005']/cda:value,@code,True,,,,更新,"差分: XML検査方法コード,値の取得方法,XPathテンプレ,nullFlavor許容",2025-08-20
尿蛋白,1A010000000191111,1.2.392.200119.6.1005,,,CO,1.2.392.200119.6.2102,1：試験紙法(機械読み取り),尿検査,コード,1A01010000,//cda:observation[ cda:code/@code='1A010000000191111' and cda:code/@codeSystem='1.2.392.200119.6.1005']/cda:value,@code,True,推奨,,,更新,差分: XPathテンプレ,2025-08-20
心拍数,9N121000000000001,1.2.392.200119.6.1005,拍／分,{h`b}/min,PQ,,,血圧等,数字,,//cda:observation[ cda:code/@code='9N121000000000001' and cda:code/@codeSystem='1.2.392.200119.6.1005']/cda:value,@value,False,,,,更新,"差分: 値の取得方法,XPathテンプレ",2025-08-20
心電図(実施理由),9A110161000000049,1.2.392.200119.6.1005,,,ST,,,がん検診・生体検査等,文字列,,,,,,,,変更なし,,2025-08-20
心電図(対象者）,9A110161600000011,1.2.392.200119.6.1005,,,CD,1.2.392.200119.6.18120,,がん検診・生体検査等,コード,,,,,,,,変更なし,,2025-08-20
心電図(所見),9A110160800000049,1.2.392.200119.6.1005,,,ST,,,がん検診・生体検査等,文字列,,,,,,,,変更なし,,2025-08-20
心電図(所見の有無),9A110160700000011,1.2.392.200119.6.1005,,,CD,1.2.392.200119.6.2002,,がん検診・生体検査等,コード,,//cda:observation[ cda:code/@code='9A110160700000011' and cda:code/@codeSystem='1.2.392.200119.6.1005']/cda:value,@code,False,,,,更新,"差分: 値の取得方法,XPathテンプレ",2025-08-20
情報提供の方法,9N950000000000011,1.2.392.200119.6.1005,,,CD,1.2.392.200119.6.18050,,情報提供,コード,,//cda:observation[ cda:code/@code='9N950000000000011' and cda:code/@codeSystem='1.2.392.200119.6.1005']/cda:value,@code,False,,,,更新,"差分: 値の取得方法,XPathテンプレ",2025-08-20
意見を述べた医師の氏名,9N526000000000049,1.2.392.200119.6.1005,,,ST,,,医師の判断,文字列,,,,,,,,変更なし,,2025-08-20
意見を述べた歯科医師の氏名,9N546000000000049,1.2.392.200119.6.1005,,,ST,,,医師の判断,文字列,,,,,,,,変更なし,,2025-08-20
打聴診,9N081000000000049,1.2.392.200119.6.1005,,,ST,,,診察,文字列,,,,,,,,変更なし,,2025-08-20
拡張期血圧(1回目),9A761000000000001,1.2.392.200119.6.1005,mmHg,mm[Hg],PQ,,1：1回目,血圧等,数字,9A76100000,//cda:observation[ cda:code/@code='9A761000000000001' and cda:code/@codeSystem='1.2.392.200119.6.1005']/cda:value,@value,False,必須,,,更新,"差分: 表示用単位,検査方法",2025-08-20
拡張期血圧(2回目),9A762000000000001,1.2.392.200119.6.1005,mmHg,mm[Hg],PQ,,2：2回目,血圧等,数字,9A76200000,//cda:observation[ cda:code/@code='9A762000000000001' and cda:code/@codeSystem='1.2.392.200119.6.1005']/cda:value,@value,False,,,,更新,"差分: 値の取得方法,XPathテンプレ",2025-08-20
拡張期血圧(その他),9A765000000000001,1.2.392.200119.6.1005,mmHg,mm[Hg],PQ,,3：その他,血圧等,数字,9A76500009,//cda:observation[ cda:code/@code='9A765000000000001' and cda:code/@codeSystem='1.2.392.200119.6.1005']/cda:value,@value,False,,,,更新,"差分: 値の取得方法,XPathテンプレ",2025-08-20
採血時間(食後),9N141000000000011,1.2.392.200119.6.1005,,,CD,1.2.392.200119.6.2202,,採血条件,コード,,//cda:observation[ cda:code/@code='9N141000000000011' and cda:code/@codeSystem='1.2.392.200119.6.1005']/cda:value,@code,False,,,,更新,"差分: 値の取得方法,XPathテンプレ",2025-08-20
既往歴,9N056000000000011,1.2.392.200119.6.1005,,,CD,1.2.392.200119.6.2001,,診察,コード,,//cda:observation[ cda:code/@code='9N056000000000011' and cda:code/@codeSystem='1.2.392.200119.6.1005']/cda:value,@code,False,,,,更新,"差分: 値の取得方法,XPathテンプレ",2025-08-20
既往歴1(脳血管),9N716000000000011,1.2.392.200119.6.1005,,,CD,1.2.392.200119.6.2003,,質問票,コード,,//cda:observation[ cda:code/@code='9N716000000000011' and cda:code/@codeSystem='1.2.392.200119.6.1005']/cda:value,@code,False,,,,更新,"差分: 値の取得方法,XPathテンプレ",2025-08-20
既往歴2(心血管),9N721000000000011,1.2.392.200119.6.1005,,,CD,1.2.392.200119.6.2003,,質問票,コード,,//cda:observation[ cda:code/@code='9N721000000000011' and cda:code/@codeSystem='1.2.392.200119.6.1005']/cda:value,@code,False,,,,更新,"差分: 値の取得方法,XPathテンプレ",2025-08-20
既往歴3(腎不全･人工透析),9N726000000000011,1.2.392.200119.6.1005,,,CD,1.2.392.200119.6.2003,,質問票,コード,,//cda:observation[ cda:code/@code='9N726000000000011' and cda:code/@codeSystem='1.2.392.200119.6.1005']/cda:value,@code,False,,,,更新,"差分: 値の取得方法,XPathテンプレ",2025-08-20
服薬1(血圧),9N701000000000011,1.2.392.200119.6.1005,,,CD,1.2.392.200119.6.2003,,質問票,コード,,//cda:observation[ cda:code/@code='9N701000000000011' and cda:code/@codeSystem='1.2.392.200119.6.1005']/cda:value,@code,False,,,,更新,"差分: 値の取得方法,XPathテンプレ",2025-08-20
服薬1(血圧)(服薬理由),9N701167100000049,1.2.392.200119.6.1005,,,ST,,,質問票,文字列,,,,,,,,変更なし,,2025-08-20
服薬1(血圧)(薬剤名),9N701167000000049,1.2.392.200119.6.1005,,,ST,,,質問票,文字列,,,,,,,,変更なし,,2025-08-20
服薬2(血糖),9N706000000000011,1.2.392.200119.6.1005,,,CD,1.2.392.200119.6.2003,,質問票,コード,,//cda:observation[ cda:code/@code='9N706000000000011' and cda:code/@codeSystem='1.2.392.200119.6.1005']/cda:value,@code,False,,,,更新,"差分: 値の取得方法,XPathテンプレ",2025-08-20
服薬2(血糖)(服薬理由),9N706167100000049,1.2.392.200119.6.1005,,,ST,,,質問票,文字列,,,,,,,,変更なし,,2025-08-20
服薬2(血糖)(薬剤名),9N706167000000049,1.2.392.200119.6.1005,,,ST,,,質問票,文字列,,,,,,,,変更なし,,2025-08-20
服薬3(脂質),9N711000000000011,1.2.392.200119.6.1005,,,CD,1.2.392.200119.6.2003,,質問票,コード,,//cda:observation[ cda:code/@code='9N711000000000011' and cda:code/@codeSystem='1.2.392.200119.6.1005']/cda:value,@code,False,,,,更新,"差分: 値の取得方法,XPathテンプレ",2025-08-20
服薬3(脂質)(服薬理由),9N711167100000049,1.2.392.200119.6.1005,,,ST,,,質問票,文字列,,,,,,,,変更なし,,2025-08-20
服薬3(脂質)(薬剤名),9N711167000000049,1.2.392.200119.6.1005,,,ST,,,質問票,文字列,,,,,,,,変更なし,,2025-08-20
梅毒反応,5E071000002399811,1.2.392.200119.6.1005,,,CD,1.2.392.200119.6.2100,方法問わず,その他医療保険者等が任意に行う検査,コード,,,,,,,,変更なし,,2025-08-20
検査未実施の理由,9N512000000000011,1.2.392.200119.6.1005,,,CD,1.2.392.200119.6.24080,,医師の判断,コード,,//cda:observation[ cda:code/@code='9N512000000000011' and cda:code/@codeSystem='1.2.392.200119.6.1005']/cda:value,,False,,,,更新,"差分: XMLデータ型,XPathテンプレ",2025-08-20
業務歴,9N051000000000049,1.2.392.200119.6.1005,,,ST,,,診察,文字列,,,,,,,,変更なし,,2025-08-20
歩行又は身体活動,9N751000000000011,1.2.392.200119.6.1005,,,CD,1.2.392.200119.6.2003,,質問票,コード,,//cda:observation[ cda:code/@code='9N751000000000011' and cda:code/@codeSystem='1.2.392.200119.6.1005']/cda:value,@code,False,,,,更新,"差分: 値の取得方法,XPathテンプレ",2025-08-20
歩行速度,9N756000000000011,1.2.392.200119.6.1005,,,CD,1.2.392.200119.6.2003,,質問票,コード,,//cda:observation[ cda:code/@code='9N756000000000011' and cda:code/@codeSystem='1.2.392.200119.6.1005']/cda:value,@code,False,,,,更新,"差分: 値の取得方法,XPathテンプレ",2025-08-20
歯科医師による健康診断,9N531000000000049,1.2.392.200119.6.1005,,,ST,,,医師の判断,文字列,,,,,,,,変更なし,,2025-08-20
歯科医師の意見,9N541000000000049,1.2.392.200119.6.1005,,,ST,,,医師の判断,文字列,,,,,,,,変更なし,,2025-08-20
毎日の生活に満足していますか（後期）,9N933000000000011,1.2.392.200119.6.1005,,,CD,1.2.392.200119.6.19020,,後期質問票,コード,,,,,,,,変更なし,,2025-08-20
特定保健指導の受診歴,9N808000000000011,1.2.392.200119.6.1005,,,CD,1.2.392.200119.6.2003,,質問票,コード,,//cda:observation[ cda:code/@code='9N808000000000011' and cda:code/@codeSystem='1.2.392.200119.6.1005']/cda:value,@code,False,,,,更新,"差分: 値の取得方法,XPathテンプレ",2025-08-20
生活機能問診1,9N811000000000011,1.2.392.200119.6.1005,,,CD,1.2.392.200119.6.2008,,生活機能基本チェックリスト,コード,,,,,,,,変更なし,,2025-08-20
生活機能問診10,9N856000000000011,1.2.392.200119.6.1005,,,CD,1.2.392.200119.6.2009,,生活機能基本チェックリスト,コード,,,,,,,,変更なし,,2025-08-20
生活機能問診11,9N861000000000011,1.2.392.200119.6.1005,,,CD,1.2.392.200119.6.2009,,生活機能基本チェックリスト,コード,,,,,,,,変更なし,,2025-08-20
生活機能問診12,9N866000000000001,1.2.392.200119.6.1005,kg/m2,kg/m2,PQ,,,生活機能基本チェックリスト,数字,,,,,,,,変更なし,,2025-08-20
生活機能問診13,9N871000000000011,1.2.392.200119.6.1005,,,CD,1.2.392.200119.6.2009,,生活機能基本チェックリスト,コード,,,,,,,,変更なし,,2025-08-20
生活機能問診14,9N876000000000011,1.2.392.200119.6.1005,,,CD,1.2.392.200119.6.2009,,生活機能基本チェックリスト,コード,,,,,,,,変更なし,,2025-08-20
生活機能問診15,9N881000000000011,1.2.392.200119.6.1005,,,CD,1.2.392.200119.6.2009,,生活機能基本チェックリスト,コード,,,,,,,,変更なし,,2025-08-20
生活機能問診16,9N886000000000011,1.2.392.200119.6.1005,,,CD,1.2.392.200119.6.2008,,生活機能基本チェックリスト,コード,,,,,,,,変更なし,,2025-08-20
生活機能問診17,9N891000000000011,1.2.392.200119.6.1005,,,CD,1.2.392.200119.6.2009,,生活機能基本チェックリスト,コード,,,,,,,,変更なし,,2025-08-20
生活機能問診18,9N896000000000011,1.2.392.200119.6.1005,,,CD,1.2.392.200119.6.2009,,生活機能基本チェックリスト,コード,,,,,,,,変更なし,,2025-08-20
生活機能問診19,9N901000000000011,1.2.392.200119.6.1005,,,CD,1.2.392.200119.6.2008,,生活機能基本チェックリスト,コード,,,,,,,,変更なし,,2025-08-20
生活機能問診2,9N816000000000011,1.2.392.200119.6.1005,,,CD,1.2.392.200119.6.2008,,生活機能基本チェックリスト,コード,,,,,,,,変更なし,,2025-08-20
生活機能問診20,9N906000000000011,1.2.392.200119.6.1005,,,CD,1.2.392.200119.6.2009,,生活機能基本チェックリスト,コード,,,,,,,,変更なし,,2025-08-20
生活機能問診21,9N911000000000011,1.2.392.200119.6.1005,,,CD,1.2.392.200119.6.2009,,生活機能基本チェックリスト,コード,,,,,,,,変更なし,,2025-08-20
生活機能問診22,9N916000000000011,1.2.392.200119.6.1005,,,CD,1.2.392.200119.6.2009,,生活機能基本チェックリスト,コード,,,,,,,,変更なし,,2025-08-20
生活機能問診23,9N921000000000011,1.2.392.200119.6.1005,,,CD,1.2.392.200119.6.2009,,生活機能基本チェックリスト,コード,,,,,,,,変更なし,,2025-08-20
生活機能問診24,9N926000000000011,1.2.392.200119.6.1005,,,CD,1.2.392.200119.6.2009,,生活機能基本チェックリスト,コード,,,,,,,,変更なし,,2025-08-20
生活機能問診25,9N931000000000011,1.2.392.200119.6.1005,,,CD,1.2.392.200119.6.2009,,生活機能基本チェックリスト,コード,,,,,,,,変更なし,,2025-08-20
生活機能問診3,9N821000000000011,1.2.392.200119.6.1005,,,CD,1.2.392.200119.6.2008,,生活機能基本チェックリスト,コード,,,,,,,,変更なし,,2025-08-20
生活機能問診4,9N826000000000011,1.2.392.200119.6.1005,,,CD,1.2.392.200119.6.2008,,生活機能基本チェックリスト,コード,,,,,,,,変更なし,,2025-08-20
生活機能問診5,9N831000000000011,1.2.392.200119.6.1005,,,CD,1.2.392.200119.6.2008,,生活機能基本チェックリスト,コード,,,,,,,,変更なし,,2025-08-20
生活機能問診6,9N836000000000011,1.2.392.200119.6.1005,,,CD,1.2.392.200119.6.2008,,生活機能基本チェックリスト,コード,,,,,,,,変更なし,,2025-08-20
生活機能問診7,9N841000000000011,1.2.392.200119.6.1005,,,CD,1.2.392.200119.6.2008,,生活機能基本チェックリスト,コード,,,,,,,,変更なし,,2025-08-20
生活機能問診8,9N846000000000011,1.2.392.200119.6.1005,,,CD,1.2.392.200119.6.2008,,生活機能基本チェックリスト,コード,,,,,,,,変更なし,,2025-08-20
生活機能問診9,9N851000000000011,1.2.392.200119.6.1005,,,CD,1.2.392.200119.6.2009,,生活機能基本チェックリスト,コード,,,,,,,,変更なし,,2025-08-20
生活機能評価の結果1,9N556000000000011,1.2.392.200119.6.1005,,,CD,1.2.392.200119.6.2501,,医師の判断,コード,,,,,,,,変更なし,,2025-08-20
生活機能評価の結果2,9N561000000000011,1.2.392.200119.6.1005,,,CD,1.2.392.200119.6.2502,,医師の判断,コード,,,,,,,,変更なし,,2025-08-20
生活機能評価の結果3,9N566000000000049,1.2.392.200119.6.1005,,,ST,,,医師の判断,文字列,,,,,,,,変更なし,,2025-08-20
生活習慣の改善,9N801000000000011,1.2.392.200119.6.1005,,,CD,1.2.392.200119.6.2007,,質問票,コード,,//cda:observation[ cda:code/@code='9N801000000000011' and cda:code/@codeSystem='1.2.392.200119.6.1005']/cda:value,@code,False,,,,更新,"差分: 値の取得方法,XPathテンプレ",2025-08-20
白血球数,2A010000001930101,1.2.392.200119.6.1005,/mm3,/mm3,PQ,,自動血球算定装置,血液像検査,数字,,,,,,,,変更なし,,2025-08-20
直腸肛門機能(1項目)(所見),9Z770160800000049,1.2.392.200119.6.1005,,,ST,,,がん検診・生体検査等,文字列,,,,,,,,変更なし,,2025-08-20
直腸肛門機能(1項目)(所見の有無),9Z770160700000011,1.2.392.200119.6.1005,,,CD,1.2.392.200119.6.2002,,がん検診・生体検査等,コード,,,,,,,,変更なし,,2025-08-20
直腸肛門機能(2項目以上)(所見),9Z771160800000049,1.2.392.200119.6.1005,,,ST,,,がん検診・生体検査等,文字列,,,,,,,,変更なし,,2025-08-20
直腸肛門機能(2項目以上)(所見の有無),9Z771160700000011,1.2.392.200119.6.1005,,,CD,1.2.392.200119.6.2002,,がん検診・生体検査等,コード,,,,,,,,変更なし,,2025-08-20
眼圧検査(右),9E105162100000001,1.2.392.200119.6.1005,mmHg,mm[Hg],PQ,,,がん検診・生体検査等,数字,,,,,,,,変更なし,,2025-08-20
眼圧検査(左),9E105162200000001,1.2.392.200119.6.1005,mmHg,mm[Hg],PQ,,,がん検診・生体検査等,数字,,,,,,,,変更なし,,2025-08-20
眼底検査(SCOTT分類),9E100166300000011,1.2.392.200119.6.1005,,,CO,1.2.392.200119.6.2113,,がん検診・生体検査等,コード,,,,,,,,変更なし,,2025-08-20
眼底検査(その他の所見),9E100160900000049,1.2.392.200119.6.1005,,,ST,,,がん検診・生体検査等,文字列,,,,,,,,変更なし,,2025-08-20
眼底検査(キースワグナー分類),9E100166000000011,1.2.392.200119.6.1005,,,CO,1.2.392.200119.6.2110,,がん検診・生体検査等,コード,,,,,,,,変更なし,,2025-08-20
眼底検査(シェイエ分類:H),9E100166100000011,1.2.392.200119.6.1005,,,CO,1.2.392.200119.6.2111,,がん検診・生体検査等,コード,,,,,,,,変更なし,,2025-08-20
眼底検査(シェイエ分類:S),9E100166200000011,1.2.392.200119.6.1005,,,CO,1.2.392.200119.6.2112,,がん検診・生体検査等,コード,,,,,,,,変更なし,,2025-08-20
眼底検査（Wong-Mitchell分類）,9E100166600000011,1.2.392.200119.6.1005,,,CO,1.2.392.200119.6.18080,,がん検診・生体検査等,コード,,,,,,,,変更なし,,2025-08-20
眼底検査（実施理由）,9E100161000000049,1.2.392.200119.6.1005,,,ST,,,がん検診・生体検査等,文字列,,,,,,,,変更なし,,2025-08-20
眼底検査（対象者）,9E100161600000011,1.2.392.200119.6.1005,,,CD,1.2.392.200119.6.18130,,がん検診・生体検査等,コード,,,,,,,,変更なし,,2025-08-20
眼底検査（改変Davis分類）,9E100166500000011,1.2.392.200119.6.1005,,,CO,1.2.392.200119.6.18090,,がん検診・生体検査等,コード,,,,,,,,変更なし,,2025-08-20
睡眠,9N796000000000011,1.2.392.200119.6.1005,,,CD,1.2.392.200119.6.2003,,質問票,コード,,//cda:observation[ cda:code/@code='9N796000000000011' and cda:code/@codeSystem='1.2.392.200119.6.1005']/cda:value,@code,False,,,,更新,"差分: 値の取得方法,XPathテンプレ",2025-08-20
空腹時中性脂肪(トリグリセリド),3F015000002327101,1.2.392.200119.6.1005,mg/dl,mg/dL,PQ,,1：可視吸光光度法(酵素比色法・グリセロール消去),生化学検査,数字,3F01510000,//cda:observation[ cda:code/@code='3F015000002327101' and cda:code/@codeSystem='1.2.392.200119.6.1005']/cda:value,@value,False,推奨,,,更新,"差分: 表示用単位,検査方法",2025-08-20
空腹時中性脂肪(トリグリセリド),3F015000002327201,1.2.392.200119.6.1005,mg/dl,mg/dL,PQ,,2：紫外吸光光度法(酵素比色法・グリセロール消去),生化学検査,数字,3F01520000,//cda:observation[ cda:code/@code='3F015000002327201' and cda:code/@codeSystem='1.2.392.200119.6.1005']/cda:value,@value,False,推奨,,,更新,"差分: XML検査方法コード,値の取得方法,XPathテンプレ",2025-08-20
空腹時中性脂肪(トリグリセリド),3F015000002399901,1.2.392.200119.6.1005,mg/dl,mg/dL,PQ,,3：その他,生化学検査,数字,3F01530009,//cda:observation[ cda:code/@code='3F015000002399901' and cda:code/@codeSystem='1.2.392.200119.6.1005']/cda:value,@value,False,推奨,,,更新,"差分: XML検査方法コード,値の取得方法,XPathテンプレ",2025-08-20
空腹時血糖,3D010000001926101,1.2.392.200119.6.1005,mg/dl,mg/dL,PQ,,1：電位差法(ブドウ糖酸化酵素電極法),血糖検査,数字,3D01010000,//cda:observation[ cda:code/@code='3D010000001926101' and cda:code/@codeSystem='1.2.392.200119.6.1005']/cda:value,@value,False,必須,,,更新,"差分: 値の取得方法,XPathテンプレ",2025-08-20
空腹時血糖,3D010000001927201,1.2.392.200119.6.1005,mg/dl,mg/dL,PQ,,3：紫外吸光光度法(ヘキソキナーゼ法、グルコキナーゼ法、ブドウ糖脱水素酵素法),血糖検査,数字,3D01030000,//cda:observation[ cda:code/@code='3D010000001927201' and cda:code/@codeSystem='1.2.392.200119.6.1005']/cda:value,@value,False,必須,,,変更なし,,2025-08-20
空腹時血糖,3D010000001999901,1.2.392.200119.6.1005,mg/dl,mg/dL,PQ,,4：その他,血糖検査,数字,3D01040009,,,,,,,変更なし,,2025-08-20
空腹時血糖,3D010000002227101,1.2.392.200119.6.1005,mg/dl,mg/dL,PQ,,2：可視吸光光度法(ブドウ糖酸化酵素法),血糖検査,数字,3D01020000,,,,,,,変更なし,,2025-08-20
総コレステロール,3F050000002327101,1.2.392.200119.6.1005,mg/dl,mg/dL,PQ,,1：可視吸光光度法(コレステロール酸化酵素法),生化学検査,数字,3F05010000,//cda:observation[ cda:code/@code='3F050000002327101' and cda:code/@codeSystem='1.2.392.200119.6.1005']/cda:value,@value,False,推奨,,,更新,"差分: 値の取得方法,XPathテンプレ",2025-08-20
総コレステロール,3F050000002327201,1.2.392.200119.6.1005,mg/dl,mg/dL,PQ,,2：紫外吸光光度法(コレステロール脱水素酵素法),生化学検査,数字,3F05020000,//cda:observation[ cda:code/@code='3F050000002327201' and cda:code/@codeSystem='1.2.392.200119.6.1005']/cda:value,@value,False,推奨,,,更新,"差分: XML検査方法コード,値の取得方法,XPathテンプレ",2025-08-20
総コレステロール,3F050000002399901,1.2.392.200119.6.1005,mg/dl,mg/dL,PQ,,3：その他,生化学検査,数字,3F05030009,//cda:observation[ cda:code/@code='3F050000002399901' and cda:code/@codeSystem='1.2.392.200119.6.1005']/cda:value,@value,False,推奨,,,更新,"差分: XML検査方法コード,値の取得方法,XPathテンプレ",2025-08-20
総ビリルビン,3J010000002327101,1.2.392.200119.6.1005,mg/dl,mg/dL,PQ,,1：可視吸光光度法(化学酸化法、酵素法、ジアゾ法),生化学検査,数字,3J01010000,,,,,,,変更なし,,2025-08-20
総ビリルビン,3J010000002399901,1.2.392.200119.6.1005,mg/dl,mg/dL,PQ,,2：その他,生化学検査,数字,3J01020009,,,,,,,変更なし,,2025-08-20
総蛋白,3A010000002327101,1.2.392.200119.6.1005,g/dl,g/dL,PQ,,1：可視吸光光度法(ビウレット法),生化学検査,数字,3A01010000,,,,,,,変更なし,,2025-08-20
総蛋白,3A010000002399901,1.2.392.200119.6.1005,g/dl,g/dL,PQ,,2：その他,生化学検査,数字,3A01020009,,,,,,,変更なし,,2025-08-20
聴力(その他の所見),9D100160900000049,1.2.392.200119.6.1005,,,ST,,,がん検診・生体検査等,文字列,,,,,,,,変更なし,,2025-08-20
聴力(右:1000Hz),9D100163100000011,1.2.392.200119.6.1005,,,CD,1.2.392.200119.6.2002,,がん検診・生体検査等,コード,,//cda:observation[ cda:code/@code='9D100163100000011' and cda:code/@codeSystem='1.2.392.200119.6.1005']/cda:value,@code,False,,,,更新,"差分: 値の取得方法,XPathテンプレ",2025-08-20
聴力(右:4000Hz),9D100163200000011,1.2.392.200119.6.1005,,,CD,1.2.392.200119.6.2002,,がん検診・生体検査等,コード,,//cda:observation[ cda:code/@code='9D100163200000011' and cda:code/@codeSystem='1.2.392.200119.6.1005']/cda:value,@code,False,,,,更新,"差分: 値の取得方法,XPathテンプレ",2025-08-20
聴力(左:1000Hz),9D100163500000011,1.2.392.200119.6.1005,,,CD,1.2.392.200119.6.2002,,がん検診・生体検査等,コード,,//cda:observation[ cda:code/@code='9D100163500000011' and cda:code/@codeSystem='1.2.392.200119.6.1005']/cda:value,@code,False,,,,更新,"差分: 値の取得方法,XPathテンプレ",2025-08-20
聴力(左:4000Hz),9D100163600000011,1.2.392.200119.6.1005,,,CD,1.2.392.200119.6.2002,,がん検診・生体検査等,コード,,//cda:observation[ cda:code/@code='9D100163600000011' and cda:code/@codeSystem='1.2.392.200119.6.1005']/cda:value,@code,False,,,,更新,"差分: 値の取得方法,XPathテンプレ",2025-08-20
聴力（検査方法）,9D100164000000011,1.2.392.200119.6.1005,,,CD,1.2.392.200119.6.2301,,がん検診・生体検査等,コード,,//cda:observation[ cda:code/@code='9D100164000000011' and cda:code/@codeSystem='1.2.392.200119.6.1005']/cda:value,@code,False,,,,更新,"差分: 値の取得方法,XPathテンプレ",2025-08-20
肥満度,9N026000000000002,1.2.392.200119.6.1005,%,%,PQ,,,身体計測,数字,,//cda:observation[ cda:code/@code='9N026000000000002' and cda:code/@codeSystem='1.2.392.200119.6.1005']/cda:value,@value,False,,,,更新,"差分: 値の取得方法,XPathテンプレ",2025-08-20
肺機能検査(%VC),9C380000000000002,1.2.392.200119.6.1005,%,%,PQ,,,がん検診・生体検査等,数字,,,,,,,,変更なし,,2025-08-20
肺機能検査(1秒率),9C330000000000002,1.2.392.200119.6.1005,%,%,PQ,,,がん検診・生体検査等,数字,,,,,,,,変更なし,,2025-08-20
肺機能検査(1秒量),9C320000000000001,1.2.392.200119.6.1005,ｌ,L,PQ,,,がん検診・生体検査等,数字,,,,,,,,変更なし,,2025-08-20
肺機能検査(努力肺活量),9C310000000000001,1.2.392.200119.6.1005,ｌ,L,PQ,,,がん検診・生体検査等,数字,,,,,,,,変更なし,,2025-08-20
胸部CT検査(がん),9N251000000000011,1.2.392.200119.6.1005,,,CO,1.2.392.200119.6.2140,,がん検診・生体検査等,コード,,,,,,,,変更なし,,2025-08-20
胸部CT検査(フィルム番号),9N251161200000049,1.2.392.200119.6.1005,,,ST,,,がん検診・生体検査等,文字列,,,,,,,,変更なし,,2025-08-20
胸部CT検査(所見),9N251160800000049,1.2.392.200119.6.1005,,,ST,,,がん検診・生体検査等,文字列,,,,,,,,変更なし,,2025-08-20
胸部CT検査(所見の有無),9N251160700000011,1.2.392.200119.6.1005,,,CD,1.2.392.200119.6.2002,,がん検診・生体検査等,コード,,,,,,,,変更なし,,2025-08-20
胸部CT検査(撮影年月日),9N251161100000049,1.2.392.200119.6.1005,,,ST,,,がん検診・生体検査等,年月日,,//cda:observation[ cda:code/@code='9N251161100000049' and cda:code/@codeSystem='1.2.392.200119.6.1005']/(cda:value/@value|cda:effectiveTime/@value|  cda:effectiveTime/cda:low/@value|cda:effectiveTime/cda:high/@value),@value,True,推奨,,,変更なし,,2025-08-20
胸部Ｘ線検査(がん:直接撮影),9N201000000000011,1.2.392.200119.6.1005,,,CO,1.2.392.200119.6.2140,1：直接撮影,がん検診・生体検査等,コード,9N20110000,//cda:observation[ cda:code/@code='9N201000000000011' and cda:code/@codeSystem='1.2.392.200119.6.1005']/cda:value,@code,False,,,,更新,"差分: 値の取得方法,XPathテンプレ",2025-08-20
胸部Ｘ線検査(がん:間接撮影),9N216000000000011,1.2.392.200119.6.1005,,,CO,1.2.392.200119.6.2140,2：間接撮影,がん検診・生体検査等,コード,9N21620000,,,,,,,変更なし,,2025-08-20
胸部Ｘ線検査(一般:直接撮影)(所見),9N206160800000049,1.2.392.200119.6.1005,,,ST,,1：直接撮影,がん検診・生体検査等,文字列,9N20610000,//cda:observation[ cda:code/@code='9N206160800000049' and cda:code/@codeSystem='1.2.392.200119.6.1005']/cda:value,text(),False,,,,更新,"差分: 値の取得方法,XPathテンプレ",2025-08-20
胸部Ｘ線検査(一般:直接撮影)(所見の有無),9N206160700000011,1.2.392.200119.6.1005,,,CD,1.2.392.200119.6.2002,1：直接撮影,がん検診・生体検査等,コード,9N20610000,//cda:observation[ cda:code/@code='9N206160700000011' and cda:code/@codeSystem='1.2.392.200119.6.1005']/cda:value,@code,False,,,,更新,"差分: 値の取得方法,XPathテンプレ",2025-08-20
胸部Ｘ線検査(一般:間接撮影)(所見),9N221160800000049,1.2.392.200119.6.1005,,,ST,,2：間接撮影,がん検診・生体検査等,文字列,9N22120000,,,,,,,変更なし,,2025-08-20
胸部Ｘ線検査(一般:間接撮影)(所見の有無),9N221160700000011,1.2.392.200119.6.1005,,,CD,1.2.392.200119.6.2002,2：間接撮影,がん検診・生体検査等,コード,9N22120000,,,,,,,変更なし,,2025-08-20
胸部Ｘ線検査(直接撮影)(フィルム番号),9N211161200000049,1.2.392.200119.6.1005,,,ST,,1：直接撮影,がん検診・生体検査等,文字列,9N21110000,,,,,,,変更なし,,2025-08-20
胸部Ｘ線検査(直接撮影)(撮影年月日),9N211161100000049,1.2.392.200119.6.1005,,,ST,,1：直接撮影,がん検診・生体検査等,年月日,9N21110000,//cda:observation[ cda:code/@code='9N211161100000049' and cda:code/@codeSystem='1.2.392.200119.6.1005']/cda:value,text(),False,,,,更新,"差分: 値の取得方法,XPathテンプレ",2025-08-20
胸部Ｘ線検査(間接撮影)(フィルム番号),9N226161200000049,1.2.392.200119.6.1005,,,ST,,2：間接撮影,がん検診・生体検査等,文字列,9N22620000,,,,,,,変更なし,,2025-08-20
胸部Ｘ線検査(間接撮影)(撮影年月日),9N226161100000049,1.2.392.200119.6.1005,,,ST,,2：間接撮影,がん検診・生体検査等,年月日,9N22620000,,,,,,,変更なし,,2025-08-20
腹囲(実測）,9N016160100000001,1.2.392.200119.6.1005,cm,cm,PQ,,1：実測,身体計測,数字,9N01610000,//cda:observation[ cda:code/@code='9N016160100000001' and cda:code/@codeSystem='1.2.392.200119.6.1005']/cda:value,@value,False,必須,,,変更なし,,2025-08-20
腹囲(自己判定）,9N016160200000001,1.2.392.200119.6.1005,cm,cm,PQ,,2：自己測定,身体計測,数字,9N01620000,,,,,,,変更なし,,2025-08-20
腹囲(自己申告）,9N016160300000001,1.2.392.200119.6.1005,cm,cm,PQ,,3：自己申告,身体計測,数字,9N01630000,,,,,,,変更なし,,2025-08-20
腹部超音波(所見),9F130160800000049,1.2.392.200119.6.1005,,,ST,,,がん検診・生体検査等,文字列,,,,,,,,変更なし,,2025-08-20
腹部超音波(所見の有無),9F130160700000011,1.2.392.200119.6.1005,,,CD,1.2.392.200119.6.2002,,がん検診・生体検査等,コード,,,,,,,,変更なし,,2025-08-20
自覚症状,9N061000000000011,1.2.392.200119.6.1005,,,CD,1.2.392.200119.6.2001,,診察,コード,,//cda:observation[ cda:code/@code='9N061000000000011' and cda:code/@codeSystem='1.2.392.200119.6.1005']/cda:value,@code,False,,,,更新,"差分: 値の取得方法,XPathテンプレ",2025-08-20
自覚症状(所見),9N061160800000049,1.2.392.200119.6.1005,,,ST,,,診察,文字列,,//cda:observation[ cda:code/@code='9N061160800000049' and cda:code/@codeSystem='1.2.392.200119.6.1005']/cda:value,text(),False,,,,更新,"差分: 値の取得方法,XPathテンプレ",2025-08-20
血小板数,2A050000001930101,1.2.392.200119.6.1005,万/mm3,10*4/mm3,PQ,,自動血球算定装置,血液像検査,数字,,,,,,,,変更なし,,2025-08-20
血液型(ABO),5H010000001910111,1.2.392.200119.6.1005,,,CD,1.2.392.200119.6.2115,1：試験管法　カラム凝集法,その他医療保険者等が任意に行う検査,コード,5H01010000,,,,,,,変更なし,,2025-08-20
血液型(ABO),5H010000001999911,1.2.392.200119.6.1005,,,CD,1.2.392.200119.6.2115,2：その他,その他医療保険者等が任意に行う検査,コード,5H01020009,,,,,,,変更なし,,2025-08-20
血液型(Rh),5H020000001910111,1.2.392.200119.6.1005,,,CD,1.2.392.200119.6.2116,1：試験管法　カラム凝集法,その他医療保険者等が任意に行う検査,コード,5H02010000,,,,,,,変更なし,,2025-08-20
血液型(Rh),5H020000001999911,1.2.392.200119.6.1005,,,CD,1.2.392.200119.6.2116,2：その他,その他医療保険者等が任意に行う検査,コード,5H02020009,,,,,,,変更なし,,2025-08-20
血清クレアチニン,3C015000002327101,1.2.392.200119.6.1005,mg/dl,mg/dL,PQ,,1：可視吸光光度法(酵素法),生化学検査,数字,3C01510000,//cda:observation[ cda:code/@code='3C015000002327101' and cda:code/@codeSystem='1.2.392.200119.6.1005']/cda:value,@value,False,,,,更新,"差分: 値の取得方法,XPathテンプレ",2025-08-20
血清クレアチニン,3C015000002399901,1.2.392.200119.6.1005,mg/dl,mg/dL,PQ,,2：その他,生化学検査,数字,3C01520009,,,,,,,変更なし,,2025-08-20
血清クレアチニン（実施理由）,3C015161002399949,1.2.392.200119.6.1005,,,ST,,,生化学検査,文字列,,,,,,,,変更なし,,2025-08-20
血清クレアチニン（対象者）,3C015161602399911,1.2.392.200119.6.1005,,,CD,1.2.392.200119.6.18110,,生化学検査,コード,,,,,,,,変更なし,,2025-08-20
血清フェリチン,5C095000002302301,1.2.392.200119.6.1005,ng/ml,ng/mL,PQ,,1：エンザイムイムノアッセイ(EIA),生化学検査,数字,5C09510000,,,,,,,変更なし,,2025-08-20
血清フェリチン,5C095000002399901,1.2.392.200119.6.1005,ng/ml,ng/mL,PQ,,2：その他,生化学検査,数字,5C09520009,,,,,,,変更なし,,2025-08-20
血清尿酸,3C020000002327101,1.2.392.200119.6.1005,mg/dl,mg/dL,PQ,,1：可視吸光光度法(ウリカーゼ・ペルオキシターゼ法),生化学検査,数字,3C02010000,//cda:observation[ cda:code/@code='3C020000002327101' and cda:code/@codeSystem='1.2.392.200119.6.1005']/cda:value,@value,False,,,,更新,"差分: 値の取得方法,XPathテンプレ",2025-08-20
血清尿酸,3C020000002399901,1.2.392.200119.6.1005,mg/dl,mg/dL,PQ,,2：その他,生化学検査,数字,3C02020009,,,,,,,変更なし,,2025-08-20
血色素量(ヘモグロビン値),2A030000001930101,1.2.392.200119.6.1005,g/dl,g/dL,PQ,,自動血球算定装置,血液像検査,数字,,//cda:observation[ cda:code/@code='2A030000001930101' and cda:code/@codeSystem='1.2.392.200119.6.1005']/cda:value,@value,False,,,,更新,"差分: 値の取得方法,XPathテンプレ",2025-08-20
視力(右),9E160162100000001,1.2.392.200119.6.1005,,,PQ,,,がん検診・生体検査等,数字,,//cda:observation[ cda:code/@code='9E160162100000001' and cda:code/@codeSystem='1.2.392.200119.6.1005']/cda:value,,False,,,,更新,"差分: XMLデータ型,XPathテンプレ",2025-08-20
視力(右:矯正),9E160162500000001,1.2.392.200119.6.1005,,,PQ,,,がん検診・生体検査等,数字,,//cda:observation[ cda:code/@code='9E160162500000001' and cda:code/@codeSystem='1.2.392.200119.6.1005']/cda:value,@value,False,,,,更新,"差分: 値の取得方法,XPathテンプレ",2025-08-20
視力(左),9E160162200000001,1.2.392.200119.6.1005,,,PQ,,,がん検診・生体検査等,数字,,//cda:observation[ cda:code/@code='9E160162200000001' and cda:code/@codeSystem='1.2.392.200119.6.1005']/cda:value,,False,,,,更新,"差分: XMLデータ型,XPathテンプレ",2025-08-20
視力(左:矯正),9E160162600000001,1.2.392.200119.6.1005,,,PQ,,,がん検診・生体検査等,数字,,//cda:observation[ cda:code/@code='9E160162600000001' and cda:code/@codeSystem='1.2.392.200119.6.1005']/cda:value,@value,False,,,,更新,"差分: 値の取得方法,XPathテンプレ",2025-08-20
視診(口腔内含む),9N076000000000049,1.2.392.200119.6.1005,,,ST,,,診察,文字列,,,,,,,,変更なし,,2025-08-20
触診(関節可動域含む),9N086000000000049,1.2.392.200119.6.1005,,,ST,,,診察,文字列,,,,,,,,変更なし,,2025-08-20
診断をした医師の氏名,9N576000000000049,1.2.392.200119.6.1005,,,ST,,,医師の判断,文字列,,,,,,,,変更なし,,2025-08-20
診断をした医師の氏名,9N586000000000049,1.2.392.200119.6.1005,,,ST,,,医師の判断,文字列,,,,,,,,変更なし,,2025-08-20
診断をした医師の氏名,9N596000000000049,1.2.392.200119.6.1005,,,ST,,,医師の判断,文字列,,,,,,,,変更なし,,2025-08-20
診断をした医師の氏名,9N606000000000049,1.2.392.200119.6.1005,,,ST,,,医師の判断,文字列,,,,,,,,変更なし,,2025-08-20
診断をした医師の氏名,9N616000000000049,1.2.392.200119.6.1005,,,ST,,,医師の判断,文字列,,,,,,,,変更なし,,2025-08-20
診断をした医師の氏名,9N626000000000049,1.2.392.200119.6.1005,,,ST,,,医師の判断,文字列,,,,,,,,変更なし,,2025-08-20
診断をした医師の氏名,9N636000000000049,1.2.392.200119.6.1005,,,ST,,,医師の判断,文字列,,,,,,,,変更なし,,2025-08-20
診断をした医師の氏名,9N646000000000049,1.2.392.200119.6.1005,,,ST,,,医師の判断,文字列,,,,,,,,変更なし,,2025-08-20
貧血,9N731000000000011,1.2.392.200119.6.1005,,,CD,1.2.392.200119.6.2003,,質問票,コード,,//cda:observation[ cda:code/@code='9N731000000000011' and cda:code/@codeSystem='1.2.392.200119.6.1005']/cda:value,@code,False,,,,更新,"差分: 値の取得方法,XPathテンプレ",2025-08-20
貧血検査(実施理由),2A020161001930149,1.2.392.200119.6.1005,,,ST,,,血液像検査,文字列,,,,,,,,変更なし,,2025-08-20
赤血球数,2A020000001930101,1.2.392.200119.6.1005,万/mm3,10*4/mm3,PQ,,自動血球算定装置,血液像検査,数字,,//cda:observation[ cda:code/@code='2A020000001930101' and cda:code/@codeSystem='1.2.392.200119.6.1005']/cda:value,@value,False,,,,更新,"差分: 値の取得方法,XPathテンプレ",2025-08-20
身長,9N001000000000001,1.2.392.200119.6.1005,cm,cm,PQ,,,身体計測,数字,,//cda:observation[ cda:code/@code='9N001000000000001' and cda:code/@codeSystem='1.2.392.200119.6.1005']/cda:value,@value,False,必須,,,変更なし,,2025-08-20
週に1回以上は外出していますか（後期）,9N944000000000011,1.2.392.200119.6.1005,,,CD,1.2.392.200119.6.19130,,後期質問票,コード,,,,,,,,変更なし,,2025-08-20
随時中性脂肪(トリグリセリド),3F015129902327101,1.2.392.200119.6.1005,mg/dl,mg/dL,PQ,,1：可視吸光光度法(酵素比色法・グリセロール消去),生化学検査,数字,3F01510000,//cda:observation[ cda:code/@code='3F015129902327101' and cda:code/@codeSystem='1.2.392.200119.6.1005']/cda:value,,False,,,,更新,"差分: XML検査方法コード,XMLデータ型,XPathテンプレ,XML用単位",2025-08-20
随時中性脂肪(トリグリセリド),3F015129902327201,1.2.392.200119.6.1005,mg/dl,mg/dL,PQ,,2：紫外吸光光度法(酵素比色法・グリセロール消去),生化学検査,数字,3F01520000,,,,,,,変更なし,,2025-08-20
随時中性脂肪(トリグリセリド),3F015129902399901,1.2.392.200119.6.1005,mg/dl,mg/dL,PQ,,3：その他,生化学検査,数字,3F01530009,,,,,,,変更なし,,2025-08-20
随時血糖,3D010129901926101,1.2.392.200119.6.1005,mg/dl,mg/dL,PQ,,1：電位差法(ブドウ糖酸化酵素電極法),血糖検査,数字,3D01010000,//cda:observation[ cda:code/@code='3D010129901926101' and cda:code/@codeSystem='1.2.392.200119.6.1005']/cda:value,,False,,,,更新,"差分: XML検査方法コード,XMLデータ型,XPathテンプレ,XML用単位",2025-08-20
随時血糖,3D010129901927201,1.2.392.200119.6.1005,mg/dl,mg/dL,PQ,,3：紫外吸光光度法(ヘキソキナーゼ法、グルコキナーゼ法、ブドウ糖脱水素酵素法),血糖検査,数字,3D01030000,,,,,,,変更なし,,2025-08-20
随時血糖,3D010129901999901,1.2.392.200119.6.1005,mg/dl,mg/dL,PQ,,4：その他,血糖検査,数字,3D01040009,,,,,,,変更なし,,2025-08-20
随時血糖,3D010129902227101,1.2.392.200119.6.1005,mg/dl,mg/dL,PQ,,2：可視吸光光度法(ブドウ糖酸化酵素法),血糖検査,数字,3D01020000,,,,,,,変更なし,,2025-08-20
食べ方1(早食い等),9N766000000000011,1.2.392.200119.6.1005,,,CD,1.2.392.200119.6.2004,,質問票,コード,,//cda:observation[ cda:code/@code='9N766000000000011' and cda:code/@codeSystem='1.2.392.200119.6.1005']/cda:value,@code,False,,,,更新,"差分: 値の取得方法,XPathテンプレ",2025-08-20
食べ方2(就寝前),9N771000000000011,1.2.392.200119.6.1005,,,CD,1.2.392.200119.6.2003,,質問票,コード,,//cda:observation[ cda:code/@code='9N771000000000011' and cda:code/@codeSystem='1.2.392.200119.6.1005']/cda:value,@code,False,,,,更新,"差分: 値の取得方法,XPathテンプレ",2025-08-20
食べ方3(間食),9N782000000000011,1.2.392.200119.6.1005,,,CD,1.2.392.200119.6.18040,,質問票,コード,,//cda:observation[ cda:code/@code='9N782000000000011' and cda:code/@codeSystem='1.2.392.200119.6.1005']/cda:value,@code,False,,,,更新,"差分: 値の取得方法,XPathテンプレ",2025-08-20
食習慣,9N781000000000011,1.2.392.200119.6.1005,,,CD,1.2.392.200119.6.2003,,質問票,コード,,//cda:observation[ cda:code/@code='9N781000000000011' and cda:code/@codeSystem='1.2.392.200119.6.1005']/cda:value,@code,False,,,,更新,"差分: 値の取得方法,XPathテンプレ",2025-08-20
飲酒,9N786000000000011,1.2.392.200119.6.1005,,,CD,1.2.392.200119.6.24040,,質問票,コード,,//cda:observation[ cda:code/@code='9N786000000000011' and cda:code/@codeSystem='1.2.392.200119.6.1005']/cda:value,@code,False,,,,更新,"差分: 値の取得方法,XPathテンプレ",2025-08-20
飲酒量,9N791000000000011,1.2.392.200119.6.1005,,,CO,1.2.392.200119.6.24050,,質問票,コード,,//cda:observation[ cda:code/@code='9N791000000000011' and cda:code/@codeSystem='1.2.392.200119.6.1005']/cda:value,@code,False,,,,更新,"差分: 値の取得方法,XPathテンプレ",2025-08-20
１日３食きちんと食べていますか（後期）,9N934000000000011,1.2.392.200119.6.1005,,,CD,1.2.392.200119.6.19030,,後期質問票,コード,,,,,,,,変更なし,,2025-08-20
６カ月間で２～３kg以上の体重減少がありましたか（後期）,9N937000000000011,1.2.392.200119.6.1005,,,CD,1.2.392.200119.6.19060,,後期質問票,コード,,,,,,,,変更なし,,2025-08-20
