OID_code,OID_code_value,OID_code_value_name,OID_code_display_order,OID_code_value_remarks,OID_code_value_dev_remarks,Unnamed: 6
OID,value,内容,表示順位,備考,開発コメント,エクセル用（OID-value)
f00001,h,特定健診データファイル,1,,,f00001-h
f00001,c,特定健診決済情報ファイル,2,,,f00001-c
f00001,g,特定保健指導データファイル,3,,,f00001-g
f00001,p,特定保健指導決済情報ファイル,4,,,f00001-p
f00002,1,特定健診情報,1,,,f00002-1
f00002,2,特定保健指導情報,2,,,f00002-2
1.2.392.200119.6.1001,10,特定健診情報,1,,,1.2.392.200119.6.1001-10
1.2.392.200119.6.1001,19,提出済み健診情報(閲覧用ファイル)の削除依頼,2,,,1.2.392.200119.6.1001-19
1.2.392.200119.6.1001,21,特定保健指導情報(開始時) ,3,,,1.2.392.200119.6.1001-21
1.2.392.200119.6.1001,22,特定保健指導情報(実績評価時＝集合契約の場合の最終決済時) ,4,,,1.2.392.200119.6.1001-22
1.2.392.200119.6.1001,23,特定保健指導情報(途中終了時＝利用停止等),5,,,1.2.392.200119.6.1001-23
1.2.392.200119.6.1001,24,特定保健指導情報(その他),6,,,1.2.392.200119.6.1001-24
1.2.392.200119.6.1001,25,特定保健指導情報(初回未完了),7,,,1.2.392.200119.6.1001-25
1.2.392.200119.6.1001,30,国への実施結果報告,8,,,1.2.392.200119.6.1001-30
1.2.392.200119.6.1001,40,特定健診以外の健診結果を送付,9,,,1.2.392.200119.6.1001-40
1.2.392.200119.6.1001,41,事業者健診,10,,,1.2.392.200119.6.1001-41
1.2.392.200119.6.1001,42,自治体検診,11,,,1.2.392.200119.6.1001-42
1.2.392.200119.6.1001,43,乳幼児健診,12,,,1.2.392.200119.6.1001-43
1.2.392.200119.6.1001,44,妊婦健診,13,,,1.2.392.200119.6.1001-44
1.2.392.200119.6.1001,49,提出済み特定健診以外の情報(閲覧用ファイル)の削除依頼,14,,,1.2.392.200119.6.1001-49
1.2.392.200119.6.1001,90,そのほか,15,,,1.2.392.200119.6.1001-90
1.2.392.200119.6.206,1,強制被保険者,1,,,1.2.392.200119.6.206-1
1.2.392.200119.6.206,2,強制被扶養者,2,,,1.2.392.200119.6.206-2
1.2.392.200119.6.206,3,任意継続被保険者,3,,,1.2.392.200119.6.206-3
1.2.392.200119.6.206,4,任意継続被扶養者,4,,,1.2.392.200119.6.206-4
1.2.392.200119.6.206,5,特例退職被保険者,5,,,1.2.392.200119.6.206-5
1.2.392.200119.6.206,6,特例退職被扶養者,6,,,1.2.392.200119.6.206-6
1.2.392.200119.6.206,7,国保被保険者,7,,,1.2.392.200119.6.206-7
1.2.392.200119.6.1104,1,男,1,,,1.2.392.200119.6.1104-1
1.2.392.200119.6.1104,2,女,2,,,1.2.392.200119.6.1104-2
1.2.392.200119.6.208,1,受診券,1,,,1.2.392.200119.6.208-1
1.2.392.200119.6.208,2,利用券,2,,,1.2.392.200119.6.208-2
1.2.392.200119.6.1002,000,不明,1,,,1.2.392.200119.6.1002-000
1.2.392.200119.6.1002,010,特定健診,2,,,1.2.392.200119.6.1002-010
1.2.392.200119.6.1002,020,広域連合の保健事業,3,,,1.2.392.200119.6.1002-020
1.2.392.200119.6.1002,030,事業者健診(労働安全衛生法に基づく健診）,4,,,1.2.392.200119.6.1002-030
1.2.392.200119.6.1002,040,学校健診（学校保健安全法に基づく職員健診）,5,,,1.2.392.200119.6.1002-040
1.2.392.200119.6.1002,060,がん検診,6,,,1.2.392.200119.6.1002-060
1.2.392.200119.6.1002,090,肝炎検診,7,,,1.2.392.200119.6.1002-090
1.2.392.200119.6.1002,990,上記いずれでもない健診（検診）,8,,,1.2.392.200119.6.1002-990
1.2.392.200119.6.1002,100,特定保健指導,9,,,1.2.392.200119.6.1002-100
1.2.392.200119.6.1010,01010,特定健診・問診結果セクション,1,,,1.2.392.200119.6.1010-01010
1.2.392.200119.6.1010,01020,広域連合保健事業セクション,2,,,1.2.392.200119.6.1010-01020
1.2.392.200119.6.1010,01030,労働安全衛生法健診結果セクション,3,,,1.2.392.200119.6.1010-01030
1.2.392.200119.6.1010,01040,学校保健安全法健診結果セクション,4,,,1.2.392.200119.6.1010-01040
1.2.392.200119.6.1010,01060,がん検診セクション,5,,,1.2.392.200119.6.1010-01060
1.2.392.200119.6.1010,01090,肝炎検診セクション,6,,,1.2.392.200119.6.1010-01090
1.2.392.200119.6.1010,01990,任意追加項目セクション,7,,,1.2.392.200119.6.1010-01990
1.2.392.200119.6.1010,90010,指導共通情報セクション,8,,,1.2.392.200119.6.1010-90010
1.2.392.200119.6.1010,90020,指導初回①情報セクション,9,,,1.2.392.200119.6.1010-90020
1.2.392.200119.6.1010,90030,指導初回情報セクション,10,,,1.2.392.200119.6.1010-90030
1.2.392.200119.6.1010,90040,継続支援情報セクション,11,,,1.2.392.200119.6.1010-90040
1.2.392.200119.6.1010,90050,中間評価情報セクション,12,,,1.2.392.200119.6.1010-90050
1.2.392.200119.6.1010,90060,最終評価情報セクション(=３か月評価情報セクション),13,,,1.2.392.200119.6.1010-90060
1.2.392.200119.6.1010,90070,指導集計情報セクション,14,,,1.2.392.200119.6.1010-90070
1.2.392.200119.6.1010,90080,指導機関情報セクション,15,,,1.2.392.200119.6.1010-90080
1.2.392.200119.6.1101,1,特定健診機関又は特定保健指導機関から代行機関,1,,,1.2.392.200119.6.1101-1
1.2.392.200119.6.1101,2,代行機関から特定健診機関又は特定保健指導機関,2,,,1.2.392.200119.6.1101-2
1.2.392.200119.6.1101,3,代行機関から保険者,3,,,1.2.392.200119.6.1101-3
1.2.392.200119.6.1101,4,保険者から代行機関(未決済データの場合),4,,,1.2.392.200119.6.1101-4
1.2.392.200119.6.1101,5,保険者から代行機関(決済済データの場合),5,,,1.2.392.200119.6.1101-5
1.2.392.200119.6.1101,6,特定健診機関又は特定保健指導機関から保険者,6,,,1.2.392.200119.6.1101-6
1.2.392.200119.6.1101,7,保険者から特定健診機関又は特定保健指導機関,7,,,1.2.392.200119.6.1101-7
1.2.392.200119.6.1101,8,保険者から保険者,8,,,1.2.392.200119.6.1101-8
1.2.392.200119.6.1101,9,その他,9,,,1.2.392.200119.6.1101-9
1.2.392.200119.6.1101,10,保険者から国(支払基金),10,,,1.2.392.200119.6.1101-10
1.2.392.200119.6.1101,11,代行機関から保険者へ確認依頼,11,,,1.2.392.200119.6.1101-11
1.2.392.200119.6.1101,12,閲覧用,12,,,1.2.392.200119.6.1101-12
1.2.392.200119.6.1101,13,予備,13,,,1.2.392.200119.6.1101-13
1.2.392.200119.6.1103,1,特定健診情報,1,,,1.2.392.200119.6.1103-1
1.2.392.200119.6.1103,2,特定保健指導情報,2,,,1.2.392.200119.6.1103-2
1.2.392.200119.6.1103,3,国への実績報告,3,保険者での設定は不要,,1.2.392.200119.6.1103-3
1.2.392.200119.6.1103,4,他の健診結果の受領分,4,事業者健診の結果を受領した場合,,1.2.392.200119.6.1103-4
1.2.392.200119.6.1103,5,国への実績報告(匿名化前),5,,,1.2.392.200119.6.1103-5
1.2.392.200119.6.1106,1,受診者・利用者は負担なし,1,,,1.2.392.200119.6.1106-1
1.2.392.200119.6.1106,2,受診者・利用者は定額負担,2,,,1.2.392.200119.6.1106-2
1.2.392.200119.6.1106,3,受診者・利用者は定率負担,3,,,1.2.392.200119.6.1106-3
1.2.392.200119.6.1106,4,保険者の負担上限額,4,,,1.2.392.200119.6.1106-4
1.2.392.200119.6.1107,1,基本的な健診,1,,,1.2.392.200119.6.1107-1
1.2.392.200119.6.1107,2,基本的な健診＋詳細な健診,2,,,1.2.392.200119.6.1107-2
1.2.392.200119.6.1107,3,基本的な健診＋追加健診項目,3,,,1.2.392.200119.6.1107-3
1.2.392.200119.6.1107,4,基本的な健診＋詳細な健診＋追加健診項目,4,,,1.2.392.200119.6.1107-4
1.2.392.200119.6.1107,5,人間ドック,5,,,1.2.392.200119.6.1107-5
1.2.392.200119.6.1108,1,貧血検査,1,,,1.2.392.200119.6.1108-1
1.2.392.200119.6.1108,2,心電図検査,2,,,1.2.392.200119.6.1108-2
1.2.392.200119.6.1108,3,眼底検査,3,,,1.2.392.200119.6.1108-3
1.2.392.200119.6.1108,4,血清クレアチニン検査,4,,,1.2.392.200119.6.1108-4
1.2.392.200119.6.1109,01,データの記録形式不備,1,,,1.2.392.200119.6.1109-01
1.2.392.200119.6.1109,02,データの記録もれ,2,,,1.2.392.200119.6.1109-02
1.2.392.200119.6.1109,03,健診結果データ異常,3,,,1.2.392.200119.6.1109-03
1.2.392.200119.6.1109,04,契約対象外,4,,,1.2.392.200119.6.1109-04
1.2.392.200119.6.1109,05,受診券・利用券の整理番号不備,5,,,1.2.392.200119.6.1109-05
1.2.392.200119.6.1109,06,有効期限外,6,,,1.2.392.200119.6.1109-06
1.2.392.200119.6.1109,07,窓口負担金額不備,7,,,1.2.392.200119.6.1109-07
1.2.392.200119.6.1109,08,健診・指導機関からの取下げ依頼による,8,,,1.2.392.200119.6.1109-08
1.2.392.200119.6.1109,09,その他,9,,,1.2.392.200119.6.1109-09
1.2.392.200119.6.1110,01,被保険者証の記号・番号の誤り,1,,,1.2.392.200119.6.1110-01
1.2.392.200119.6.1110,02,受診券・利用券の整理番号の誤り,2,,,1.2.392.200119.6.1110-02
1.2.392.200119.6.1110,03,受診者・利用者氏名の誤り,3,,,1.2.392.200119.6.1110-03
1.2.392.200119.6.1110,04,該当者なし,4,,,1.2.392.200119.6.1110-04
1.2.392.200119.6.1110,05,保険者番号と記号の不一致,5,,,1.2.392.200119.6.1110-05
1.2.392.200119.6.1110,06,資格喪失後の受診,6,,,1.2.392.200119.6.1110-06
1.2.392.200119.6.1110,07,重複請求,7,,,1.2.392.200119.6.1110-07
1.2.392.200119.6.1110,08,健診・指導機関からの取下げ依頼による,8,,,1.2.392.200119.6.1110-08
1.2.392.200119.6.1110,09,その他,9,,,1.2.392.200119.6.1110-09
1.2.392.200119.6.1111,1,開始時,1,,,1.2.392.200119.6.1111-1
1.2.392.200119.6.1111,2,実績評価時,2,2：集合契約の場合の最終決済時に記録,,1.2.392.200119.6.1111-2
1.2.392.200119.6.1111,3,途中終了時,3,3：被保険者資格喪失による利用停止・脱落等,,1.2.392.200119.6.1111-3
1.2.392.200119.6.1111,4,その他,4,4：個別契約の場合に記録（月次決済時、報告のみ等）1～3に該当しない場合,,1.2.392.200119.6.1111-4
1.2.392.200119.6.1111,5,初回未完了,5,5：初回面接を分割実施し、被保険者資格喪失による利用停止・脱落等により初回面接①のみとなった場合,,1.2.392.200119.6.1111-5
1.2.392.200119.6.1112,1,積極的支援,1,,,1.2.392.200119.6.1112-1
1.2.392.200119.6.1112,2,動機づけ支援,2,,,1.2.392.200119.6.1112-2
1.2.392.200119.6.1112,3,動機付け支援相当,3,,,1.2.392.200119.6.1112-3
1.2.392.200119.6.24010,1,個別支援（対面）,1,,,1.2.392.200119.6.24010-1
1.2.392.200119.6.24010,2,個別支援（遠隔）,2,,,1.2.392.200119.6.24010-2
1.2.392.200119.6.24010,3,グループ支援（対面）,3,,,1.2.392.200119.6.24010-3
1.2.392.200119.6.24010,4,グループ支援（遠隔）,4,,,1.2.392.200119.6.24010-4
1.2.392.200119.6.24010,5,電話,5,初回面接(分割して実施した場合は1回目) は入力不可能,,1.2.392.200119.6.24010-5
1.2.392.200119.6.24010,6,電子メール等,6,初回面接(分割して実施した場合は1回目) は入力不可能,,1.2.392.200119.6.24010-6
1.2.392.200119.6.1114,1,初回指導時全額徴収,1,,,1.2.392.200119.6.1114-1
1.2.392.200119.6.1114,2,それ以外,2,,,1.2.392.200119.6.1114-2
1.2.392.200119.6.24020,1,質問票の記載違い(服薬中)を確認,1,,,1.2.392.200119.6.24020-1
1.2.392.200119.6.24020,2,健診以後に服薬開始を確認,2,,,1.2.392.200119.6.24020-2
1.2.392.200119.6.24030,1,保健指導以後に服薬開始を確認,1,対象から除外する場合に記載し、服薬中であっても保健指導を継続した場合は記載しない,,1.2.392.200119.6.24030-1
1.2.392.200119.6.2001,1,特記事項あり,1,,,1.2.392.200119.6.2001-1
1.2.392.200119.6.2001,2,特記事項なし,2,,,1.2.392.200119.6.2001-2
1.2.392.200119.6.2002,1,異常所見あり,1,,,1.2.392.200119.6.2002-1
1.2.392.200119.6.2002,2,異常所見なし,2,,,1.2.392.200119.6.2002-2
1.2.392.200119.6.2002,3,要再検査,3,,,1.2.392.200119.6.2002-3
1.2.392.200119.6.2002,4,検査不適,4,,,1.2.392.200119.6.2002-4
1.2.392.200119.6.2003,1,はい,1,,,1.2.392.200119.6.2003-1
1.2.392.200119.6.2003,2,いいえ,2,,,1.2.392.200119.6.2003-2
1.2.392.200119.6.2004,1,速い,1,,,1.2.392.200119.6.2004-1
1.2.392.200119.6.2004,2,ふつう,2,,,1.2.392.200119.6.2004-2
1.2.392.200119.6.2004,3,遅い,3,,,1.2.392.200119.6.2004-3
1.2.392.200119.6.24040,1,毎日,1,,,1.2.392.200119.6.24040-1
1.2.392.200119.6.24040,2,週5～6日,2,,,1.2.392.200119.6.24040-2
1.2.392.200119.6.24040,3,週3～4日,3,,,1.2.392.200119.6.24040-3
1.2.392.200119.6.24040,4,週1～2日,4,,,1.2.392.200119.6.24040-4
1.2.392.200119.6.24040,5,月に1～3日,5,,,1.2.392.200119.6.24040-5
1.2.392.200119.6.24040,6,月に1日未満,6,,,1.2.392.200119.6.24040-6
1.2.392.200119.6.24040,7,やめた,7,,,1.2.392.200119.6.24040-7
1.2.392.200119.6.24040,8,飲まない(飲めない),8,,,1.2.392.200119.6.24040-8
1.2.392.200119.6.24050,1,1合未満,1,,,1.2.392.200119.6.24050-1
1.2.392.200119.6.24050,2,1～2合未満,2,,,1.2.392.200119.6.24050-2
1.2.392.200119.6.24050,3,2～3合未満,3,,,1.2.392.200119.6.24050-3
1.2.392.200119.6.24050,4,3～5合未満,4,,,1.2.392.200119.6.24050-4
1.2.392.200119.6.24050,5,5合以上,5,,,1.2.392.200119.6.24050-5
1.2.392.200119.6.24060,1,はい,1,,,1.2.392.200119.6.24060-1
1.2.392.200119.6.24060,2,以前は吸っていたが、最近1ヶ月間は吸っていない,2,,,1.2.392.200119.6.24060-2
1.2.392.200119.6.24060,3,いいえ,3,,,1.2.392.200119.6.24060-3
1.2.392.200119.6.2007,1,意志なし,1,,,1.2.392.200119.6.2007-1
1.2.392.200119.6.2007,2,意志あり（6か月以内）,2,,,1.2.392.200119.6.2007-2
1.2.392.200119.6.2007,3,意志あり（近いうち）,3,,,1.2.392.200119.6.2007-3
1.2.392.200119.6.2007,4,取組済み（6ヵ月未満）,4,,,1.2.392.200119.6.2007-4
1.2.392.200119.6.2007,5,取組済み（6ヵ月以上）,5,,,1.2.392.200119.6.2007-5
1.2.392.200119.6.2008,0,はい,1,,,1.2.392.200119.6.2008-0
1.2.392.200119.6.2008,1,いいえ,2,,,1.2.392.200119.6.2008-1
1.2.392.200119.6.2009,0,いいえ,1,,,1.2.392.200119.6.2009-0
1.2.392.200119.6.2009,1,はい,2,,,1.2.392.200119.6.2009-1
1.2.392.200119.6.18030,1,何でも,1,,,1.2.392.200119.6.18030-1
1.2.392.200119.6.18030,2,かみにくい,2,,,1.2.392.200119.6.18030-2
1.2.392.200119.6.18030,3,ほとんどかめない,3,,,1.2.392.200119.6.18030-3
1.2.392.200119.6.18040,1,毎日,1,,,1.2.392.200119.6.18040-1
1.2.392.200119.6.18040,2,時々,2,,,1.2.392.200119.6.18040-2
1.2.392.200119.6.18040,3,ほとんど摂取しない,3,,,1.2.392.200119.6.18040-3
1.2.392.200119.6.18050,1,付加価値の高い情報提供,1,,,1.2.392.200119.6.18050-1
1.2.392.200119.6.18050,2,専門職による対面説明,2,,,1.2.392.200119.6.18050-2
1.2.392.200119.6.18050,3,1と2両方実施,3,,,1.2.392.200119.6.18050-3
1.2.392.200119.6.18060,1,健診1週間以内に初回面接実施,1,セット券の運用で使用健診実施日を0日として7日後までに特定保健指導の初回面接を実施した場合のみ設定。1に当てはまらない場合は出現させない,,1.2.392.200119.6.18060-1
1.2.392.200119.6.24070,0,実施なし,1,,,1.2.392.200119.6.24070-0
1.2.392.200119.6.24070,1,当日,2,,,1.2.392.200119.6.24070-1
1.2.392.200119.6.24070,2,1週間以内（当日は除く）,3,「2：1週間以内（当日は除く）」は、健診実施日を0日として1日後から7日後までに特定保健指導の初回面接を実施した場合,,1.2.392.200119.6.24070-2
1.2.392.200119.6.24080,1,生理中,1,,,1.2.392.200119.6.24080-1
1.2.392.200119.6.24080,2,腎疾患等の基礎疾患があるため排尿障害を有する,2,,,1.2.392.200119.6.24080-2
1.2.392.200119.6.24080,3,その他,3,,,1.2.392.200119.6.24080-3
1.2.392.200119.6.2100,1,陽性,1,,,1.2.392.200119.6.2100-1
1.2.392.200119.6.2100,2,陰性,2,,,1.2.392.200119.6.2100-2
1.2.392.200119.6.2101,1,陰性,1,,,1.2.392.200119.6.2101-1
1.2.392.200119.6.2101,2,陽性,2,,,1.2.392.200119.6.2101-2
1.2.392.200119.6.2102,1,－,1,,,1.2.392.200119.6.2102-1
1.2.392.200119.6.2102,2,±,2,,,1.2.392.200119.6.2102-2
1.2.392.200119.6.2102,3,1＋,3,,,1.2.392.200119.6.2102-3
1.2.392.200119.6.2102,4,2＋,4,,,1.2.392.200119.6.2102-4
1.2.392.200119.6.2102,5,3＋,5,,,1.2.392.200119.6.2102-5
1.2.392.200119.6.2103,1,陰性,1,,,1.2.392.200119.6.2103-1
1.2.392.200119.6.2103,2,低力価,2,,,1.2.392.200119.6.2103-2
1.2.392.200119.6.2103,3,中力価,3,,,1.2.392.200119.6.2103-3
1.2.392.200119.6.2103,4,高力価,4,,,1.2.392.200119.6.2103-4
1.2.392.200119.6.2110,1,0,1,,,1.2.392.200119.6.2110-1
1.2.392.200119.6.2110,2,Ⅰ,2,,,1.2.392.200119.6.2110-2
1.2.392.200119.6.2110,3,Ⅱa,3,,,1.2.392.200119.6.2110-3
1.2.392.200119.6.2110,4,Ⅱb,4,,,1.2.392.200119.6.2110-4
1.2.392.200119.6.2110,5,Ⅲ,5,,,1.2.392.200119.6.2110-5
1.2.392.200119.6.2110,6,Ⅳ,6,,,1.2.392.200119.6.2110-6
1.2.392.200119.6.2111,1,0,1,,,1.2.392.200119.6.2111-1
1.2.392.200119.6.2111,2,1,2,,,1.2.392.200119.6.2111-2
1.2.392.200119.6.2111,3,2,3,,,1.2.392.200119.6.2111-3
1.2.392.200119.6.2111,4,3,4,,,1.2.392.200119.6.2111-4
1.2.392.200119.6.2111,5,4,5,,,1.2.392.200119.6.2111-5
1.2.392.200119.6.2112,1,0,1,,,1.2.392.200119.6.2112-1
1.2.392.200119.6.2112,2,1,2,,,1.2.392.200119.6.2112-2
1.2.392.200119.6.2112,3,2,3,,,1.2.392.200119.6.2112-3
1.2.392.200119.6.2112,4,3,4,,,1.2.392.200119.6.2112-4
1.2.392.200119.6.2112,5,4,5,,,1.2.392.200119.6.2112-5
1.2.392.200119.6.2113,1,1：Ⅰ(a),1,,,1.2.392.200119.6.2113-1
1.2.392.200119.6.2113,2,2：Ⅰ(b),2,,,1.2.392.200119.6.2113-2
1.2.392.200119.6.2113,3,3：Ⅱ,3,,,1.2.392.200119.6.2113-3
1.2.392.200119.6.2113,4,4：Ⅲ(a),4,,,1.2.392.200119.6.2113-4
1.2.392.200119.6.2113,5,5：Ⅲ(b),5,,,1.2.392.200119.6.2113-5
1.2.392.200119.6.2113,6,6：Ⅳ,6,,,1.2.392.200119.6.2113-6
1.2.392.200119.6.2113,7,7：Ⅴ (a),7,,,1.2.392.200119.6.2113-7
1.2.392.200119.6.2113,8,8：Ⅴ(b),8,,,1.2.392.200119.6.2113-8
1.2.392.200119.6.2113,9,9：Ⅵ,9,,,1.2.392.200119.6.2113-9
1.2.392.200119.6.18080,1,所見なし,1,,,1.2.392.200119.6.18080-1
1.2.392.200119.6.18080,2,軽度,2,,,1.2.392.200119.6.18080-2
1.2.392.200119.6.18080,3,中等度,3,,,1.2.392.200119.6.18080-3
1.2.392.200119.6.18080,4,重度,4,,,1.2.392.200119.6.18080-4
1.2.392.200119.6.18090,1,網膜症なし,1,,,1.2.392.200119.6.18090-1
1.2.392.200119.6.18090,2,単純網膜症,2,,,1.2.392.200119.6.18090-2
1.2.392.200119.6.18090,3,増殖前網膜症,3,,,1.2.392.200119.6.18090-3
1.2.392.200119.6.18090,4,増殖網膜症,4,,,1.2.392.200119.6.18090-4
1.2.392.200119.6.2115,1,A,1,,,1.2.392.200119.6.2115-1
1.2.392.200119.6.2115,2,B,2,,,1.2.392.200119.6.2115-2
1.2.392.200119.6.2115,3,AB,3,,,1.2.392.200119.6.2115-3
1.2.392.200119.6.2115,4,O,4,,,1.2.392.200119.6.2115-4
1.2.392.200119.6.2116,1,+,1,,,1.2.392.200119.6.2116-1
1.2.392.200119.6.2116,2,-,2,,,1.2.392.200119.6.2116-2
1.2.392.200119.6.2120,1,classI,1,,,1.2.392.200119.6.2120-1
1.2.392.200119.6.2120,2,classII,2,,,1.2.392.200119.6.2120-2
1.2.392.200119.6.2120,3,classIIIa,3,,,1.2.392.200119.6.2120-3
1.2.392.200119.6.2120,4,classIIIb,4,,,1.2.392.200119.6.2120-4
1.2.392.200119.6.2120,5,classIV,5,,,1.2.392.200119.6.2120-5
1.2.392.200119.6.2120,6,classV,6,,,1.2.392.200119.6.2120-6
1.2.392.200119.6.2120,7,検体不良,7,,,1.2.392.200119.6.2120-7
1.2.392.200119.6.18100,1,NILM,1,,,1.2.392.200119.6.18100-1
1.2.392.200119.6.18100,2,ASC-US,2,,,1.2.392.200119.6.18100-2
1.2.392.200119.6.18100,3,ASC-H,3,,,1.2.392.200119.6.18100-3
1.2.392.200119.6.18100,4,LSIL,4,,,1.2.392.200119.6.18100-4
1.2.392.200119.6.18100,5,HSIL,5,,,1.2.392.200119.6.18100-5
1.2.392.200119.6.18100,6,SCC,6,,,1.2.392.200119.6.18100-6
1.2.392.200119.6.18100,7,AGC,7,,,1.2.392.200119.6.18100-7
1.2.392.200119.6.18100,8,AIS,8,,,1.2.392.200119.6.18100-8
1.2.392.200119.6.18100,9,Adenocarcinoma,9,,,1.2.392.200119.6.18100-9
1.2.392.200119.6.18100,10,other,10,,,1.2.392.200119.6.18100-10
1.2.392.200119.6.2122,1,陽性,1,,,1.2.392.200119.6.2122-1
1.2.392.200119.6.2122,2,疑陽性,2,,,1.2.392.200119.6.2122-2
1.2.392.200119.6.2122,3,陰性,3,,,1.2.392.200119.6.2122-3
1.2.392.200119.6.2122,4,検体不良,4,,,1.2.392.200119.6.2122-4
1.2.392.200119.6.2130,1,A,1,,,1.2.392.200119.6.2130-1
1.2.392.200119.6.2130,2,B,2,,,1.2.392.200119.6.2130-2
1.2.392.200119.6.2130,3,C,3,,,1.2.392.200119.6.2130-3
1.2.392.200119.6.2130,4,D,4,,,1.2.392.200119.6.2130-4
1.2.392.200119.6.2130,5,E,5,,,1.2.392.200119.6.2130-5
1.2.392.200119.6.2131,1,0号,1,,,1.2.392.200119.6.2131-1
1.2.392.200119.6.2131,2,1号,2,,,1.2.392.200119.6.2131-2
1.2.392.200119.6.2131,3,2号,3,,,1.2.392.200119.6.2131-3
1.2.392.200119.6.2131,4,3号,4,,,1.2.392.200119.6.2131-4
1.2.392.200119.6.2131,5,4号,5,,,1.2.392.200119.6.2131-5
1.2.392.200119.6.2131,6,5号,6,,,1.2.392.200119.6.2131-6
1.2.392.200119.6.2131,7,6号,7,,,1.2.392.200119.6.2131-7
1.2.392.200119.6.2131,8,7号,8,,,1.2.392.200119.6.2131-8
1.2.392.200119.6.2131,9,8号,9,,,1.2.392.200119.6.2131-9
1.2.392.200119.6.2131,10,9号,10,,,1.2.392.200119.6.2131-10
1.2.392.200119.6.2131,11,10号,11,,,1.2.392.200119.6.2131-11
1.2.392.200119.6.2140,1,A,1,,,1.2.392.200119.6.2140-1
1.2.392.200119.6.2140,2,B,2,,,1.2.392.200119.6.2140-2
1.2.392.200119.6.2140,3,C,3,,,1.2.392.200119.6.2140-3
1.2.392.200119.6.2140,4,D,4,,,1.2.392.200119.6.2140-4
1.2.392.200119.6.2140,5,E,5,,,1.2.392.200119.6.2140-5
1.2.392.200119.6.2141,1,精密検査必要,1,,,1.2.392.200119.6.2141-1
1.2.392.200119.6.2141,2,精密検査不要,2,,,1.2.392.200119.6.2141-2
1.2.392.200119.6.2150,1,現在、Ｃ型肝炎ウイルスに感染していない可能性が極めて高い,1,,,1.2.392.200119.6.2150-1
1.2.392.200119.6.2150,2,現在、Ｃ型肝炎ウイルスに感染している可能性が極めて高い,2,,,1.2.392.200119.6.2150-2
1.2.392.200119.6.18110,0,詳細健診以外で実施,1,,,1.2.392.200119.6.18110-0
1.2.392.200119.6.18110,1,検査結果による血清クレアチニン検査対象者,2,,,1.2.392.200119.6.18110-1
1.2.392.200119.6.18120,0,詳細健診以外で実施,1,,,1.2.392.200119.6.18120-0
1.2.392.200119.6.18120,1,検査結果による心電図検査対象者,2,,,1.2.392.200119.6.18120-1
1.2.392.200119.6.18120,2,不整脈による心電図検査対象者,3,,,1.2.392.200119.6.18120-2
1.2.392.200119.6.18130,0,詳細健診以外で実施,1,,,1.2.392.200119.6.18130-0
1.2.392.200119.6.18130,1,検査結果による眼底検査対象者,2,,,1.2.392.200119.6.18130-1
1.2.392.200119.6.2202,2,10時間以上,1,,,1.2.392.200119.6.2202-2
1.2.392.200119.6.2202,3,食後3.5時間以上10時間未満,2,,,1.2.392.200119.6.2202-3
1.2.392.200119.6.2202,4,食後3.5時間未満,3,,,1.2.392.200119.6.2202-4
1.2.392.200119.6.2301,1,オージオメトリー,1,,,1.2.392.200119.6.2301-1
1.2.392.200119.6.2301,2,その他,2,,,1.2.392.200119.6.2301-2
1.2.392.200119.6.2501,1,介護予防事業の利用が望ましい,1,,,1.2.392.200119.6.2501-1
1.2.392.200119.6.2501,2,医学的な理由により次の介護予防の利用は不適当,2,,,1.2.392.200119.6.2501-2
1.2.392.200119.6.2501,3,生活機能の低下なし,3,,,1.2.392.200119.6.2501-3
1.2.392.200119.6.2502,1,すべて,1,,,1.2.392.200119.6.2502-1
1.2.392.200119.6.2502,2,運動器の機能向上,2,,,1.2.392.200119.6.2502-2
1.2.392.200119.6.2502,3,栄養改善,3,,,1.2.392.200119.6.2502-3
1.2.392.200119.6.2502,4,口腔機能の向上,4,,,1.2.392.200119.6.2502-4
1.2.392.200119.6.2502,5,その他（上記で2を選択したときに記載）,5,,,1.2.392.200119.6.2502-5
1.2.392.200119.6.3001,1,積極的支援,1,,,1.2.392.200119.6.3001-1
1.2.392.200119.6.3001,2,動機づけ支援,2,,,1.2.392.200119.6.3001-2
1.2.392.200119.6.3001,3,なし（情報提供）,3,,,1.2.392.200119.6.3001-3
1.2.392.200119.6.3001,4,判定不能,4,,,1.2.392.200119.6.3001-4
1.2.392.200119.6.3002,1,意志なし,1,,,1.2.392.200119.6.3002-1
1.2.392.200119.6.3002,2,意志あり（６か月以内）,2,,,1.2.392.200119.6.3002-2
1.2.392.200119.6.3002,3,意志あり（近いうち）,3,,,1.2.392.200119.6.3002-3
1.2.392.200119.6.3002,4,取組済み（６ヶ月未満）,4,,,1.2.392.200119.6.3002-4
1.2.392.200119.6.3002,5,取組済み（６ヶ月以上）,5,,,1.2.392.200119.6.3002-5
1.2.392.200119.6.24090,0,未達成,1,,,1.2.392.200119.6.24090-0
1.2.392.200119.6.24090,1,1cm・1kg,2,,,1.2.392.200119.6.24090-1
1.2.392.200119.6.24090,2,2cm・2kg,3,,,1.2.392.200119.6.24090-2
1.2.392.200119.6.24100,0,未達成,1,,,1.2.392.200119.6.24100-0
1.2.392.200119.6.24100,1,達成,2,,,1.2.392.200119.6.24100-1
1.2.392.200119.6.24100,9,目標なし,3,,,1.2.392.200119.6.24100-9
1.2.392.200119.6.24130,0,禁煙未達成,1,,,1.2.392.200119.6.24130-0
1.2.392.200119.6.24130,1,禁煙達成,2,,,1.2.392.200119.6.24130-1
1.2.392.200119.6.24130,8,非喫煙,3,,,1.2.392.200119.6.24130-8
1.2.392.200119.6.24130,9,禁煙目標なし,4,,,1.2.392.200119.6.24130-9
1.2.392.200119.6.24110,0,計画なし,1,,,1.2.392.200119.6.24110-0
1.2.392.200119.6.24110,1,1cm・1kg,2,,,1.2.392.200119.6.24110-1
1.2.392.200119.6.24110,2,2cm・2kg,3,,,1.2.392.200119.6.24110-2
1.2.392.200119.6.24120,0,計画なし,1,,,1.2.392.200119.6.24120-0
1.2.392.200119.6.24120,1,計画あり,2,,,1.2.392.200119.6.24120-1
1.2.392.200119.6.18150,1,初回面接（分割実施以外）,1,,,1.2.392.200119.6.18150-1
1.2.392.200119.6.18150,2,初回面接①,2,,,1.2.392.200119.6.18150-2
1.2.392.200119.6.18150,3,初回面接②,3,,,1.2.392.200119.6.18150-3
1.2.392.200119.6.18150,4,中間評価,4,,,1.2.392.200119.6.18150-4
1.2.392.200119.6.18150,5,継続的支援,5,,,1.2.392.200119.6.18150-5
1.2.392.200119.6.18150,6,実績評価,6,,,1.2.392.200119.6.18150-6
1.2.392.200119.6.18140,1,個別支援,1,,,1.2.392.200119.6.18140-1
1.2.392.200119.6.18140,2,グループ支援,2,,,1.2.392.200119.6.18140-2
1.2.392.200119.6.18140,3,電話,3,初回面接を分割して実施した場合における２回目（初回面接②）のみ入力可能,,1.2.392.200119.6.18140-3
1.2.392.200119.6.18140,4,電子メール,4,初回面接を分割して実施した場合における２回目（初回面接②）のみ入力可能,,1.2.392.200119.6.18140-4
1.2.392.200119.6.18140,5,遠隔面接,5,,,1.2.392.200119.6.18140-5
1.2.392.200119.6.3020,1,医師,1,,,1.2.392.200119.6.3020-1
1.2.392.200119.6.3020,2,保健師,2,,,1.2.392.200119.6.3020-2
1.2.392.200119.6.3020,3,管理栄養士,3,,,1.2.392.200119.6.3020-3
1.2.392.200119.6.3020,4,その他,4,,,1.2.392.200119.6.3020-4
1.2.392.200119.6.3005,1,1：個別支援,1,,4期では使用してないっぽい,1.2.392.200119.6.3005-1
1.2.392.200119.6.3005,2,2：グループ支援,2,,4期では使用してないっぽい,1.2.392.200119.6.3005-2
1.2.392.200119.6.3005,3,3：電話,3,,4期では使用してないっぽい,1.2.392.200119.6.3005-3
1.2.392.200119.6.3005,4,４：e-mail,4,,4期では使用してないっぽい,1.2.392.200119.6.3005-4
1.2.392.200119.6.3010,0,変化なし,1,,4期では使用してないっぽい,1.2.392.200119.6.3010-0
1.2.392.200119.6.3010,1,改善,2,,4期では使用してないっぽい,1.2.392.200119.6.3010-1
1.2.392.200119.6.3010,2,悪化,3,,4期では使用してないっぽい,1.2.392.200119.6.3010-2
1.2.392.200119.6.3011,1,禁煙継続,1,,,1.2.392.200119.6.3011-1
1.2.392.200119.6.3011,2,非継続,2,,,1.2.392.200119.6.3011-2
1.2.392.200119.6.3011,3,非喫煙,3,,,1.2.392.200119.6.3011-3
1.2.392.200119.6.3011,4,禁煙の意志なし,4,,,1.2.392.200119.6.3011-4
1.2.392.200119.6.1113,1,個別支援 A,1,,3期項目,1.2.392.200119.6.1113-1
1.2.392.200119.6.1113,2,個別支援 B,2,,3期項目,1.2.392.200119.6.1113-2
1.2.392.200119.6.1113,3,グループ支援,3,,3期項目,1.2.392.200119.6.1113-3
1.2.392.200119.6.1113,4,電話 A,4,,3期項目,1.2.392.200119.6.1113-4
1.2.392.200119.6.1113,5,電話 B,5,,3期項目,1.2.392.200119.6.1113-5
1.2.392.200119.6.1113,6,e-mail A,6,,3期項目,1.2.392.200119.6.1113-6
1.2.392.200119.6.1113,7,e-mail B,7,,3期項目,1.2.392.200119.6.1113-7
1.2.392.200119.6.19010,1,よい,1,,,1.2.392.200119.6.19010-1
1.2.392.200119.6.19010,2,まあよい,2,,,1.2.392.200119.6.19010-2
1.2.392.200119.6.19010,3,ふつう,3,,,1.2.392.200119.6.19010-3
1.2.392.200119.6.19010,4,あまりよくない,4,,,1.2.392.200119.6.19010-4
1.2.392.200119.6.19010,5,よくない,5,,,1.2.392.200119.6.19010-5
1.2.392.200119.6.19020,1,満足,1,,,1.2.392.200119.6.19020-1
1.2.392.200119.6.19020,2,やや満足,2,,,1.2.392.200119.6.19020-2
1.2.392.200119.6.19020,3,やや不満,3,,,1.2.392.200119.6.19020-3
1.2.392.200119.6.19020,4,不満,4,,,1.2.392.200119.6.19020-4
1.2.392.200119.6.19030,1,はい,1,,,1.2.392.200119.6.19030-1
1.2.392.200119.6.19030,2,いいえ,2,,,1.2.392.200119.6.19030-2
1.2.392.200119.6.19040,1,はい,1,,,1.2.392.200119.6.19040-1
1.2.392.200119.6.19040,2,いいえ,2,,,1.2.392.200119.6.19040-2
1.2.392.200119.6.19050,1,はい,1,,,1.2.392.200119.6.19050-1
1.2.392.200119.6.19050,2,いいえ,2,,,1.2.392.200119.6.19050-2
1.2.392.200119.6.19060,1,はい,1,,,1.2.392.200119.6.19060-1
1.2.392.200119.6.19060,2,いいえ,2,,,1.2.392.200119.6.19060-2
1.2.392.200119.6.19070,1,はい,1,,,1.2.392.200119.6.19070-1
1.2.392.200119.6.19070,2,いいえ,2,,,1.2.392.200119.6.19070-2
1.2.392.200119.6.19080,1,はい,1,,,1.2.392.200119.6.19080-1
1.2.392.200119.6.19080,2,いいえ,2,,,1.2.392.200119.6.19080-2
1.2.392.200119.6.19090,1,はい,1,,,1.2.392.200119.6.19090-1
1.2.392.200119.6.19090,2,いいえ,2,,,1.2.392.200119.6.19090-2
1.2.392.200119.6.19100,1,はい,1,,,1.2.392.200119.6.19100-1
1.2.392.200119.6.19100,2,いいえ,2,,,1.2.392.200119.6.19100-2
1.2.392.200119.6.19110,1,はい,1,,,1.2.392.200119.6.19110-1
1.2.392.200119.6.19110,2,いいえ,2,,,1.2.392.200119.6.19110-2
1.2.392.200119.6.19120,1,吸っている,1,,,1.2.392.200119.6.19120-1
1.2.392.200119.6.19120,2,吸っていない,2,,,1.2.392.200119.6.19120-2
1.2.392.200119.6.19120,3,やめた,3,,,1.2.392.200119.6.19120-3
1.2.392.200119.6.19130,1,はい,1,,,1.2.392.200119.6.19130-1
1.2.392.200119.6.19130,2,いいえ,2,,,1.2.392.200119.6.19130-2
1.2.392.200119.6.19140,1,はい,1,,,1.2.392.200119.6.19140-1
1.2.392.200119.6.19140,2,いいえ,2,,,1.2.392.200119.6.19140-2
1.2.392.200119.6.19150,1,はい,1,,,1.2.392.200119.6.19150-1
1.2.392.200119.6.19150,2,いいえ,2,,,1.2.392.200119.6.19150-2
1.2.392.200119.6.1008,1,基準該当,1,,,1.2.392.200119.6.1008-1
1.2.392.200119.6.1008,2,予備群該当,2,,,1.2.392.200119.6.1008-2
1.2.392.200119.6.1008,3,非該当,2,,,1.2.392.200119.6.1008-3
1.2.392.200119.6.1008,4,判定不能,2,,,1.2.392.200119.6.1008-4
